brush,diameter,path,length,variant,repeat,contacts,pages,pixel_contact_tests,cpu_prepare_ms,cpu_submit_ms,gpu_ms
Pencil,2048,backlog,4096,merged,0,1,225,14745600,0.060730,0.603958,9.673594
Pencil,2048,backlog,4096,contact,0,17,225,99680256,0.130469,0.197761,109.961039
Pencil,2048,backlog,4096,simple,0,17,225,99680256,0.130469,0.195053,73.771248
Pencil,2048,backlog,4096,contact,1,17,225,99680256,0.130469,0.213333,109.371716
Pencil,2048,backlog,4096,simple,1,17,225,99680256,0.130469,0.197865,18.273541
Pencil,2048,backlog,4096,merged,1,1,225,14745600,0.060730,0.618698,9.691510
Pencil,2048,backlog,4096,simple,2,17,225,99680256,0.130469,0.546927,18.293229
Pencil,2048,backlog,4096,merged,2,1,225,14745600,0.060730,0.537240,9.691354
Pencil,2048,backlog,4096,contact,2,17,225,99680256,0.130469,0.537812,45.941093
Pencil,2048,backlog,4096,merged,3,1,225,14745600,0.060730,0.679635,9.671875
Pencil,2048,backlog,4096,contact,3,17,225,99680256,0.130469,0.171979,45.957082
Pencil,2048,backlog,4096,simple,3,17,225,99680256,0.130469,0.566302,18.293020
Pencil,2048,backlog,4096,contact,4,17,225,99680256,0.130469,0.165469,45.963332
Pencil,2048,backlog,4096,simple,4,17,225,99680256,0.130469,0.663229,18.277708
Pencil,2048,backlog,4096,merged,4,1,225,14745600,0.060730,0.154219,9.677396
Pencil,2048,backlog,4096,simple,5,17,225,99680256,0.130469,0.931458,18.298437
Pencil,2048,backlog,4096,merged,5,1,225,14745600,0.060730,0.356302,9.691146
Pencil,2048,backlog,4096,contact,5,17,225,99680256,0.130469,0.739896,45.960988
Pencil,2048,backlog,4096,merged,6,1,225,14745600,0.060730,0.636511,9.667448
Pencil,2048,backlog,4096,contact,6,17,225,99680256,0.130469,0.152135,45.950416
Pencil,2048,backlog,4096,simple,6,17,225,99680256,0.130469,0.880469,18.285104
Pencil,2048,backlog,4096,contact,7,17,225,99680256,0.130469,0.149636,45.943124
Pencil,2048,backlog,4096,simple,7,17,225,99680256,0.130469,0.917500,18.280989
Pencil,2048,backlog,4096,merged,7,1,225,14745600,0.060730,0.151407,9.673646
Pencil,2048,backlog,4096,simple,8,17,225,99680256,0.130469,0.639687,18.294062
Pencil,2048,backlog,4096,merged,8,1,225,14745600,0.060730,0.344740,9.672760
Pencil,2048,backlog,4096,contact,8,17,225,99680256,0.130469,0.655468,45.946770
Pencil,2048,backlog,4096,merged,9,1,225,14745600,0.060730,0.383803,9.680364
Pencil,2048,backlog,4096,contact,9,17,225,99680256,0.130469,0.614479,45.943332
Pencil,2048,backlog,4096,simple,9,17,225,99680256,0.130469,0.597553,18.274427
Pencil,2048,backlog,4096,contact,10,17,225,99680256,0.130469,0.706666,45.948853
Pencil,2048,backlog,4096,simple,10,17,225,99680256,0.130469,0.670729,18.277916
Pencil,2048,backlog,4096,merged,10,1,225,14745600,0.060730,0.630104,9.680989
Pencil,2048,backlog,4096,simple,11,17,225,99680256,0.130469,0.627761,18.270364
Pencil,2048,backlog,4096,merged,11,1,225,14745600,0.060730,0.586042,9.689479
Pencil,2048,backlog,4096,contact,11,17,225,99680256,0.130469,0.622500,45.941718
Pencil,2048,backlog,4096,merged,12,1,225,14745600,0.060730,0.598125,9.701406
Pencil,2048,backlog,4096,contact,12,17,225,99680256,0.130469,0.759896,45.952968
Pencil,2048,backlog,4096,simple,12,17,225,99680256,0.130469,0.808490,18.277135
Pencil,2048,backlog,4096,contact,13,17,225,99680256,0.130469,0.850573,45.947447
Pencil,2048,backlog,4096,simple,13,17,225,99680256,0.130469,0.830416,18.291562
Pencil,2048,backlog,4096,merged,13,1,225,14745600,0.060730,0.597084,9.687448
Pencil,2048,backlog,4096,simple,14,17,225,99680256,0.130469,0.633958,18.283125
Pencil,2048,backlog,4096,merged,14,1,225,14745600,0.060730,0.789948,9.666198
Pencil,2048,backlog,4096,contact,14,17,225,99680256,0.130469,0.627968,45.944113
Pencil,2048,backlog,4096,merged,15,1,225,14745600,0.060730,0.628125,9.683854
Pencil,2048,backlog,4096,contact,15,17,225,99680256,0.130469,0.659063,45.966770
Pencil,2048,backlog,4096,simple,15,17,225,99680256,0.130469,0.743959,18.283437
Pencil,2048,backlog,4096,contact,16,17,225,99680256,0.130469,0.902187,45.943436
Pencil,2048,backlog,4096,simple,16,17,225,99680256,0.130469,0.657239,18.282447
Pencil,2048,backlog,4096,merged,16,1,225,14745600,0.060730,0.634843,9.682291
Pencil,2048,backlog,4096,simple,17,17,225,99680256,0.130469,0.618958,18.291875
Pencil,2048,backlog,4096,merged,17,1,225,14745600,0.060730,0.631666,9.679062
Pencil,2048,backlog,4096,contact,17,17,225,99680256,0.130469,0.627916,45.943436
Pencil,2048,backlog,4096,merged,18,1,225,14745600,0.060730,0.584791,9.689166
Pencil,2048,backlog,4096,contact,18,17,225,99680256,0.130469,0.748334,45.946457
Pencil,2048,backlog,4096,simple,18,17,225,99680256,0.130469,0.834688,18.287500
Pencil,2048,backlog,4096,contact,19,17,225,99680256,0.130469,0.637761,45.940936
Pencil,2048,backlog,4096,simple,19,17,225,99680256,0.130469,0.643282,18.284427
Pencil,2048,backlog,4096,merged,19,1,225,14745600,0.060730,0.630885,9.677448
Pencil,2048,backlog,4096,simple,20,17,225,99680256,0.130469,0.640156,18.286510
Pencil,2048,backlog,4096,merged,20,1,225,14745600,0.060730,0.836094,9.679479
Pencil,2048,backlog,4096,contact,20,17,225,99680256,0.130469,0.569427,45.942863
Pencil,2048,backlog,4096,merged,21,1,225,14745600,0.060730,0.781927,9.678489
Pencil,2048,backlog,4096,contact,21,17,225,99680256,0.130469,0.556667,45.957968
Pencil,2048,backlog,4096,simple,21,17,225,99680256,0.130469,0.781615,18.288854
Pencil,2048,backlog,4096,contact,22,17,225,99680256,0.130469,0.644375,45.948697
Pencil,2048,backlog,4096,simple,22,17,225,99680256,0.130469,0.632396,18.296979
Pencil,2048,backlog,4096,merged,22,1,225,14745600,0.060730,0.644635,9.671406
Pencil,2048,backlog,4096,simple,23,17,225,99680256,0.130469,0.637761,18.293958
Pencil,2048,backlog,4096,merged,23,1,225,14745600,0.060730,0.635625,9.678333
Pencil,2048,backlog,4096,contact,23,17,225,99680256,0.130469,0.926042,45.957811
Pencil,2048,backlog,4096,merged,24,1,225,14745600,0.060730,0.542187,9.678489
Pencil,2048,backlog,4096,contact,24,17,225,99680256,0.130469,0.634011,45.951978
Pencil,2048,backlog,4096,simple,24,17,225,99680256,0.130469,0.638542,18.277760
Pencil,2048,backlog,4096,contact,25,17,225,99680256,0.130469,0.623489,45.955207
Pencil,2048,backlog,4096,simple,25,17,225,99680256,0.130469,0.625938,18.291354
Pencil,2048,backlog,4096,merged,25,1,225,14745600,0.060730,0.631146,9.654635
Pencil,2048,backlog,4096,simple,26,17,225,99680256,0.130469,0.642708,18.277500
Pencil,2048,backlog,4096,merged,26,1,225,14745600,0.060730,0.644479,9.672396
Pencil,2048,backlog,4096,contact,26,17,225,99680256,0.130469,0.722656,45.946041
Pencil,2048,backlog,4096,merged,27,1,225,14745600,0.060730,0.753750,9.668229
Pencil,2048,backlog,4096,contact,27,17,225,99680256,0.130469,0.645208,45.954686
Pencil,2048,backlog,4096,simple,27,17,225,99680256,0.130469,0.638229,18.295729
Pencil,2048,backlog,4096,contact,28,17,225,99680256,0.130469,0.652344,45.949166
Pencil,2048,backlog,4096,simple,28,17,225,99680256,0.130469,0.682187,18.283281
Pencil,2048,backlog,4096,merged,28,1,225,14745600,0.060730,0.511667,9.665989
Pencil,2048,backlog,4096,simple,29,17,225,99680256,0.130469,0.507500,18.287239
Pencil,2048,backlog,4096,merged,29,1,225,14745600,0.060730,0.618073,9.669271
Pencil,2048,backlog,4096,contact,29,17,225,99680256,0.130469,0.517396,45.947863
Pencil,2048,backlog,4096,merged,30,1,225,14745600,0.060730,0.592136,9.665364
Pencil,2048,backlog,4096,contact,30,17,225,99680256,0.130469,0.503802,45.943697
Pencil,2048,backlog,4096,simple,30,17,225,99680256,0.130469,0.577031,18.284791
Pencil,2048,backlog,4096,contact,31,17,225,99680256,0.130469,0.718438,45.942707
Pencil,2048,backlog,4096,simple,31,17,225,99680256,0.130469,0.507188,18.274218
Pencil,2048,backlog,4096,merged,31,1,225,14745600,0.060730,0.502552,9.693229
Pencil,2048,backlog,4096,simple,32,17,225,99680256,0.130469,0.515468,18.282239
Pencil,2048,backlog,4096,merged,32,1,225,14745600,0.060730,0.474323,9.684948
Pencil,2048,backlog,4096,contact,32,17,225,99680256,0.130469,0.494532,45.946666
Pencil,2048,backlog,4096,merged,33,1,225,14745600,0.060730,0.607136,9.687708
Pencil,2048,backlog,4096,contact,33,17,225,99680256,0.130469,0.513125,45.942655
Pencil,2048,backlog,4096,simple,33,17,225,99680256,0.130469,0.624947,18.291875
Pencil,2048,backlog,4096,contact,34,17,225,99680256,0.130469,0.497084,45.931978
Pencil,2048,backlog,4096,simple,34,17,225,99680256,0.130469,0.569479,18.282812
Pencil,2048,backlog,4096,merged,34,1,225,14745600,0.060730,0.833646,9.685573
Pencil,2048,backlog,4096,simple,35,17,225,99680256,0.130469,0.646250,18.267395
Pencil,2048,backlog,4096,merged,35,1,225,14745600,0.060730,0.473334,9.665573
Pencil,2048,backlog,4096,contact,35,17,225,99680256,0.130469,0.506823,45.959426
Pencil,2048,backlog,4096,merged,36,1,225,14745600,0.060730,0.738438,9.669635
Pencil,2048,backlog,4096,contact,36,17,225,99680256,0.130469,0.514114,45.949738
Pencil,2048,backlog,4096,simple,36,17,225,99680256,0.130469,0.479167,18.299062
Pencil,2048,backlog,4096,contact,37,17,225,99680256,0.130469,0.493438,45.948280
Pencil,2048,backlog,4096,simple,37,17,225,99680256,0.130469,0.504167,18.287604
Pencil,2048,backlog,4096,merged,37,1,225,14745600,0.060730,0.698386,9.664479
Pencil,2048,backlog,4096,simple,38,17,225,99680256,0.130469,0.503854,18.288906
Pencil,2048,backlog,4096,merged,38,1,225,14745600,0.060730,0.771667,9.672708
Pencil,2048,backlog,4096,contact,38,17,225,99680256,0.130469,0.688958,45.930884
Pencil,2048,backlog,4096,merged,39,1,225,14745600,0.060730,0.570469,9.675208
Pencil,2048,backlog,4096,contact,39,17,225,99680256,0.130469,0.498646,45.948541
Pencil,2048,backlog,4096,simple,39,17,225,99680256,0.130469,0.662552,18.282343
Pencil,2048,backlog,4096,contact,40,17,225,99680256,0.130469,0.498229,45.948176
Pencil,2048,backlog,4096,simple,40,17,225,99680256,0.130469,0.662552,18.273541
Pencil,2048,backlog,4096,merged,40,1,225,14745600,0.060730,0.508073,9.684739
Pencil,2048,backlog,4096,simple,41,17,225,99680256,0.130469,0.495989,18.286614
Pencil,2048,backlog,4096,merged,41,1,225,14745600,0.060730,0.664323,9.694583
Pencil,2048,backlog,4096,contact,41,17,225,99680256,0.130469,0.500885,46.343488
Pencil,2048,backlog,4096,merged,42,1,225,14745600,0.060730,0.475677,9.699271
Pencil,2048,backlog,4096,contact,42,17,225,99680256,0.130469,0.720260,45.986457
Pencil,2048,backlog,4096,simple,42,17,225,99680256,0.130469,0.575677,18.286197
Pencil,2048,backlog,4096,contact,43,17,225,99680256,0.130469,0.533230,45.953280
Pencil,2048,backlog,4096,simple,43,17,225,99680256,0.130469,0.525156,18.299895
Pencil,2048,backlog,4096,merged,43,1,225,14745600,0.060730,0.616563,9.686146
Pencil,2048,backlog,4096,simple,44,17,225,99680256,0.130469,0.513438,18.307083
Pencil,2048,backlog,4096,merged,44,1,225,14745600,0.060730,0.666615,9.713073
Pencil,2048,backlog,4096,contact,44,17,225,99680256,0.130469,0.656198,45.938853
Pencil,2048,backlog,4096,merged,45,1,225,14745600,0.060730,0.597760,9.656979
Pencil,2048,backlog,4096,contact,45,17,225,99680256,0.130469,0.509375,45.939270
Pencil,2048,backlog,4096,simple,45,17,225,99680256,0.130469,0.608229,18.284375
Pencil,2048,backlog,4096,contact,46,17,225,99680256,0.130469,0.590781,45.956561
Pencil,2048,backlog,4096,simple,46,17,225,99680256,0.130469,0.571563,18.284895
Pencil,2048,backlog,4096,merged,46,1,225,14745600,0.060730,0.511458,9.691875
Pencil,2048,backlog,4096,simple,47,17,225,99680256,0.130469,0.567291,18.282031
Pencil,2048,backlog,4096,merged,47,1,225,14745600,0.060730,0.464531,9.676041
Pencil,2048,backlog,4096,contact,47,17,225,99680256,0.130469,0.503073,45.953176
Pencil,2048,backlog,4096,merged,48,1,225,14745600,0.060730,0.610313,9.683281
Pencil,2048,backlog,4096,contact,48,17,225,99680256,0.130469,0.502968,45.942238
Pencil,2048,backlog,4096,simple,48,17,225,99680256,0.130469,0.565782,18.298125
Pencil,2048,backlog,4096,contact,49,17,225,99680256,0.130469,0.507500,45.942082
Pencil,2048,backlog,4096,simple,49,17,225,99680256,0.130469,0.562135,18.291875
Pencil,2048,backlog,4096,merged,49,1,225,14745600,0.060730,0.597708,9.668073
Pencil,2048,curve,512,merged,0,3,99,17104896,0.055365,0.480052,4.248594
Pencil,2048,curve,512,contact,0,4,99,22413312,0.095416,0.200573,10.914791
Pencil,2048,curve,512,simple,0,4,99,22413312,0.095416,0.211094,4.877292
Pencil,2048,curve,512,contact,1,4,99,22413312,0.095416,0.211666,10.917396
Pencil,2048,curve,512,simple,1,4,99,22413312,0.095416,0.164218,4.870521
Pencil,2048,curve,512,merged,1,3,99,17104896,0.055365,0.221145,4.249062
Pencil,2048,curve,512,simple,2,4,99,22413312,0.095416,0.618802,4.866771
Pencil,2048,curve,512,merged,2,3,99,17104896,0.055365,0.522969,4.249114
Pencil,2048,curve,512,contact,2,4,99,22413312,0.095416,0.529896,10.903593
Pencil,2048,curve,512,merged,3,3,99,17104896,0.055365,0.521770,4.250417
Pencil,2048,curve,512,contact,3,4,99,22413312,0.095416,0.394584,10.904166
Pencil,2048,curve,512,simple,3,4,99,22413312,0.095416,0.521198,4.859896
Pencil,2048,curve,512,contact,4,4,99,22413312,0.095416,0.564583,10.902604
Pencil,2048,curve,512,simple,4,4,99,22413312,0.095416,0.516615,4.867396
Pencil,2048,curve,512,merged,4,3,99,17104896,0.055365,0.324010,4.251458
Pencil,2048,curve,512,simple,5,4,99,22413312,0.095416,0.527708,4.860833
Pencil,2048,curve,512,merged,5,3,99,17104896,0.055365,0.714791,4.251771
Pencil,2048,curve,512,contact,5,4,99,22413312,0.095416,0.487240,10.901198
Pencil,2048,curve,512,merged,6,3,99,17104896,0.055365,0.322031,4.248073
Pencil,2048,curve,512,contact,6,4,99,22413312,0.095416,0.661093,10.904791
Pencil,2048,curve,512,simple,6,4,99,22413312,0.095416,0.514427,4.862448
Pencil,2048,curve,512,contact,7,4,99,22413312,0.095416,0.323750,10.902552
Pencil,2048,curve,512,simple,7,4,99,22413312,0.095416,0.549323,5.166406
Pencil,2048,curve,512,merged,7,3,99,17104896,0.055365,0.325885,4.501614
Pencil,2048,curve,512,simple,8,4,99,22413312,0.095416,0.334531,5.168906
Pencil,2048,curve,512,merged,8,3,99,17104896,0.055365,0.330989,4.494635
Pencil,2048,curve,512,contact,8,4,99,22413312,0.095416,0.528542,11.887812
Pencil,2048,curve,512,merged,9,3,99,17104896,0.055365,0.506302,4.492708
Pencil,2048,curve,512,contact,9,4,99,22413312,0.095416,0.369636,11.880677
Pencil,2048,curve,512,simple,9,4,99,22413312,0.095416,0.519218,5.161614
Pencil,2048,curve,512,contact,10,4,99,22413312,0.095416,0.321093,11.887552
Pencil,2048,curve,512,simple,10,4,99,22413312,0.095416,0.523281,5.343646
Pencil,2048,curve,512,merged,10,3,99,17104896,0.055365,0.332552,4.643594
Pencil,2048,curve,512,simple,11,4,99,22413312,0.095416,0.515469,5.346823
Pencil,2048,curve,512,merged,11,3,99,17104896,0.055365,0.529479,4.651927
Pencil,2048,curve,512,contact,11,4,99,22413312,0.095416,0.556719,12.457291
Pencil,2048,curve,512,merged,12,3,99,17104896,0.055365,0.706510,4.692083
Pencil,2048,curve,512,contact,12,4,99,22413312,0.095416,1.326614,12.493489
Pencil,2048,curve,512,simple,12,4,99,22413312,0.095416,0.325312,5.478542
Pencil,2048,curve,512,contact,13,4,99,22413312,0.095416,0.257187,12.556250
Pencil,2048,curve,512,simple,13,4,99,22413312,0.095416,0.215312,5.670573
Pencil,2048,curve,512,merged,13,3,99,17104896,0.055365,0.215104,4.883646
Pencil,2048,curve,512,simple,14,4,99,22413312,0.095416,0.363073,5.779375
Pencil,2048,curve,512,merged,14,3,99,17104896,0.055365,0.238385,4.932604
Pencil,2048,curve,512,contact,14,4,99,22413312,0.095416,0.204948,13.200260
Pencil,2048,curve,512,merged,15,3,99,17104896,0.055365,0.228594,4.921302
Pencil,2048,curve,512,contact,15,4,99,22413312,0.095416,0.213177,13.144843
Pencil,2048,curve,512,simple,15,4,99,22413312,0.095416,0.308177,5.643229
Pencil,2048,curve,512,contact,16,4,99,22413312,0.095416,0.271562,13.268802
Pencil,2048,curve,512,simple,16,4,99,22413312,0.095416,0.677760,5.821927
Pencil,2048,curve,512,merged,16,3,99,17104896,0.055365,0.424584,5.065104
Pencil,2048,curve,512,simple,17,4,99,22413312,0.095416,0.416458,5.810937
Pencil,2048,curve,512,merged,17,3,99,17104896,0.055365,0.394844,5.120677
Pencil,2048,curve,512,contact,17,4,99,22413312,0.095416,0.601146,13.401771
Pencil,2048,curve,512,merged,18,3,99,17104896,0.055365,0.382761,5.096094
Pencil,2048,curve,512,contact,18,4,99,22413312,0.095416,0.306771,13.407916
Pencil,2048,curve,512,simple,18,4,99,22413312,0.095416,0.285208,5.857656
Pencil,2048,curve,512,contact,19,4,99,22413312,0.095416,0.256458,13.390052
Pencil,2048,curve,512,simple,19,4,99,22413312,0.095416,0.367552,5.808021
Pencil,2048,curve,512,merged,19,3,99,17104896,0.055365,0.123020,5.055312
Pencil,2048,curve,512,simple,20,4,99,22413312,0.095416,0.111094,5.828906
Pencil,2048,curve,512,merged,20,3,99,17104896,0.055365,0.105729,4.822500
Pencil,2048,curve,512,contact,20,4,99,22413312,0.095416,0.283542,12.454271
Pencil,2048,curve,512,merged,21,3,99,17104896,0.055365,0.164479,4.645156
Pencil,2048,curve,512,contact,21,4,99,22413312,0.095416,0.103334,12.456510
Pencil,2048,curve,512,simple,21,4,99,22413312,0.095416,0.196666,5.167760
Pencil,2048,curve,512,contact,22,4,99,22413312,0.095416,0.104271,11.884218
Pencil,2048,curve,512,simple,22,4,99,22413312,0.095416,0.103438,5.167344
Pencil,2048,curve,512,merged,22,3,99,17104896,0.055365,0.587500,4.498594
Pencil,2048,curve,512,simple,23,4,99,22413312,0.095416,0.106979,5.163750
Pencil,2048,curve,512,merged,23,3,99,17104896,0.055365,0.129792,4.496614
Pencil,2048,curve,512,contact,23,4,99,22413312,0.095416,0.352552,11.910468
Pencil,2048,curve,512,merged,24,3,99,17104896,0.055365,0.240260,4.289844
Pencil,2048,curve,512,contact,24,4,99,22413312,0.095416,0.388229,10.943698
Pencil,2048,curve,512,simple,24,4,99,22413312,0.095416,0.425938,4.914531
Pencil,2048,curve,512,contact,25,4,99,22413312,0.095416,0.393073,10.935364
Pencil,2048,curve,512,simple,25,4,99,22413312,0.095416,0.706250,4.940260
Pencil,2048,curve,512,merged,25,3,99,17104896,0.055365,0.723021,4.331823
Pencil,2048,curve,512,simple,26,4,99,22413312,0.095416,0.441354,4.953854
Pencil,2048,curve,512,merged,26,3,99,17104896,0.055365,0.519011,4.354583
Pencil,2048,curve,512,contact,26,4,99,22413312,0.095416,0.398281,10.968906
Pencil,2048,curve,512,merged,27,3,99,17104896,0.055365,0.463385,4.430052
Pencil,2048,curve,512,contact,27,4,99,22413312,0.095416,0.214271,11.010104
Pencil,2048,curve,512,simple,27,4,99,22413312,0.095416,0.246302,5.038489
Pencil,2048,curve,512,contact,28,4,99,22413312,0.095416,0.204479,11.016927
Pencil,2048,curve,512,simple,28,4,99,22413312,0.095416,0.212865,5.016771
Pencil,2048,curve,512,merged,28,3,99,17104896,0.055365,0.209948,4.439792
Pencil,2048,curve,512,simple,29,4,99,22413312,0.095416,0.252396,4.987344
Pencil,2048,curve,512,merged,29,3,99,17104896,0.055365,0.212604,4.364896
Pencil,2048,curve,512,contact,29,4,99,22413312,0.095416,0.206302,10.988229
Pencil,2048,curve,512,merged,30,3,99,17104896,0.055365,0.254011,4.392031
Pencil,2048,curve,512,contact,30,4,99,22413312,0.095416,0.215156,11.045937
Pencil,2048,curve,512,simple,30,4,99,22413312,0.095416,0.208594,4.970833
Pencil,2048,curve,512,contact,31,4,99,22413312,0.095416,0.239531,10.954791
Pencil,2048,curve,512,simple,31,4,99,22413312,0.095416,0.219896,5.005312
Pencil,2048,curve,512,merged,31,3,99,17104896,0.055365,0.250104,4.337344
Pencil,2048,curve,512,simple,32,4,99,22413312,0.095416,0.325573,4.949167
Pencil,2048,curve,512,merged,32,3,99,17104896,0.055365,0.208438,4.346510
Pencil,2048,curve,512,contact,32,4,99,22413312,0.095416,0.204479,10.926093
Pencil,2048,curve,512,merged,33,3,99,17104896,0.055365,0.187709,4.288021
Pencil,2048,curve,512,contact,33,4,99,22413312,0.095416,0.215052,10.928177
Pencil,2048,curve,512,simple,33,4,99,22413312,0.095416,0.190052,4.909792
Pencil,2048,curve,512,contact,34,4,99,22413312,0.095416,0.179114,10.923281
Pencil,2048,curve,512,simple,34,4,99,22413312,0.095416,0.229635,4.929010
Pencil,2048,curve,512,merged,34,3,99,17104896,0.055365,0.253594,4.302864
Pencil,2048,curve,512,simple,35,4,99,22413312,0.095416,0.276927,4.903489
Pencil,2048,curve,512,merged,35,3,99,17104896,0.055365,0.388750,4.271562
Pencil,2048,curve,512,contact,35,4,99,22413312,0.095416,0.329167,10.916146
Pencil,2048,curve,512,merged,36,3,99,17104896,0.055365,0.256823,4.280937
Pencil,2048,curve,512,contact,36,4,99,22413312,0.095416,0.340364,10.926250
Pencil,2048,curve,512,simple,36,4,99,22413312,0.095416,0.364375,4.904948
Pencil,2048,curve,512,contact,37,4,99,22413312,0.095416,0.525261,10.935729
Pencil,2048,curve,512,simple,37,4,99,22413312,0.095416,0.426562,4.932552
Pencil,2048,curve,512,merged,37,3,99,17104896,0.055365,0.699844,4.309792
Pencil,2048,curve,512,simple,38,4,99,22413312,0.095416,0.380521,4.949010
Pencil,2048,curve,512,merged,38,3,99,17104896,0.055365,0.555625,4.380625
Pencil,2048,curve,512,contact,38,4,99,22413312,0.095416,0.230052,11.020260
Pencil,2048,curve,512,merged,39,3,99,17104896,0.055365,0.208125,4.316979
Pencil,2048,curve,512,contact,39,4,99,22413312,0.095416,0.292396,10.974948
Pencil,2048,curve,512,simple,39,4,99,22413312,0.095416,0.259947,4.941198
Pencil,2048,curve,512,contact,40,4,99,22413312,0.095416,0.291667,10.984114
Pencil,2048,curve,512,simple,40,4,99,22413312,0.095416,0.709791,4.986198
Pencil,2048,curve,512,merged,40,3,99,17104896,0.055365,0.300208,4.344062
Pencil,2048,curve,512,simple,41,4,99,22413312,0.095416,0.417500,4.988073
Pencil,2048,curve,512,merged,41,3,99,17104896,0.055365,0.517239,4.362396
Pencil,2048,curve,512,contact,41,4,99,22413312,0.095416,0.438959,10.975104
Pencil,2048,curve,512,merged,42,3,99,17104896,0.055365,0.375104,4.329583
Pencil,2048,curve,512,contact,42,4,99,22413312,0.095416,0.385260,10.968906
Pencil,2048,curve,512,simple,42,4,99,22413312,0.095416,0.371770,4.942864
Pencil,2048,curve,512,contact,43,4,99,22413312,0.095416,0.366094,10.962031
Pencil,2048,curve,512,simple,43,4,99,22413312,0.095416,0.426093,4.968281
Pencil,2048,curve,512,merged,43,3,99,17104896,0.055365,0.562657,4.342864
Pencil,2048,curve,512,simple,44,4,99,22413312,0.095416,0.459635,4.945521
Pencil,2048,curve,512,merged,44,3,99,17104896,0.055365,0.361615,4.330989
Pencil,2048,curve,512,contact,44,4,99,22413312,0.095416,0.526146,10.944271
Pencil,2048,curve,512,merged,45,3,99,17104896,0.055365,0.589219,4.334687
Pencil,2048,curve,512,contact,45,4,99,22413312,0.095416,0.576667,10.967083
Pencil,2048,curve,512,simple,45,4,99,22413312,0.095416,0.417708,4.959792
Pencil,2048,curve,512,contact,46,4,99,22413312,0.095416,0.514219,10.935625
Pencil,2048,curve,512,simple,46,4,99,22413312,0.095416,0.436093,4.930729
Pencil,2048,curve,512,merged,46,3,99,17104896,0.055365,0.497187,4.299948
Pencil,2048,curve,512,simple,47,4,99,22413312,0.095416,0.530052,4.970573
Pencil,2048,curve,512,merged,47,3,99,17104896,0.055365,0.442396,4.320729
Pencil,2048,curve,512,contact,47,4,99,22413312,0.095416,0.473125,10.948698
Pencil,2048,curve,512,merged,48,3,99,17104896,0.055365,0.830260,4.282239
Pencil,2048,curve,512,contact,48,4,99,22413312,0.095416,0.589531,10.926562
Pencil,2048,curve,512,simple,48,4,99,22413312,0.095416,0.468334,4.931458
Pencil,2048,curve,512,contact,49,4,99,22413312,0.095416,0.428073,10.943177
Pencil,2048,curve,512,simple,49,4,99,22413312,0.095416,0.430729,4.941510
Pencil,2048,curve,512,merged,49,3,99,17104896,0.055365,0.540104,4.334479
Pencil,2048,straight,512,merged,0,1,99,6488064,0.046354,0.489115,3.468281
Pencil,2048,straight,512,contact,0,3,99,17104896,0.063489,0.197552,8.848541
Pencil,2048,straight,512,simple,0,3,99,17104896,0.063489,0.189219,4.370781
Pencil,2048,straight,512,contact,1,3,99,17104896,0.063489,0.197969,8.840469
Pencil,2048,straight,512,simple,1,3,99,17104896,0.063489,0.106146,4.370312
Pencil,2048,straight,512,merged,1,1,99,6488064,0.046354,0.518593,3.453333
Pencil,2048,straight,512,simple,2,3,99,17104896,0.063489,0.516719,4.394427
Pencil,2048,straight,512,merged,2,1,99,6488064,0.046354,0.282605,3.464635
Pencil,2048,straight,512,contact,2,3,99,17104896,0.063489,0.325052,8.894948
Pencil,2048,straight,512,merged,3,1,99,6488064,0.046354,0.280573,3.500521
Pencil,2048,straight,512,contact,3,3,99,17104896,0.063489,0.217448,8.880260
Pencil,2048,straight,512,simple,3,3,99,17104896,0.063489,0.367344,4.398489
Pencil,2048,straight,512,contact,4,3,99,17104896,0.063489,0.200834,8.821875
Pencil,2048,straight,512,simple,4,3,99,17104896,0.063489,0.136407,4.385937
Pencil,2048,straight,512,merged,4,1,99,6488064,0.046354,0.076250,3.501562
Pencil,2048,straight,512,simple,5,3,99,17104896,0.063489,0.211094,4.438750
Pencil,2048,straight,512,merged,5,1,99,6488064,0.046354,0.168958,3.477083
Pencil,2048,straight,512,contact,5,3,99,17104896,0.063489,0.187240,8.857916
Pencil,2048,straight,512,merged,6,1,99,6488064,0.046354,0.184948,3.453958
Pencil,2048,straight,512,contact,6,3,99,17104896,0.063489,0.181510,8.860833
Pencil,2048,straight,512,simple,6,3,99,17104896,0.063489,0.233125,4.393854
Pencil,2048,straight,512,contact,7,3,99,17104896,0.063489,0.178073,8.828385
Pencil,2048,straight,512,simple,7,3,99,17104896,0.063489,0.193906,4.408281
Pencil,2048,straight,512,merged,7,1,99,6488064,0.046354,0.194010,3.464375
Pencil,2048,straight,512,simple,8,3,99,17104896,0.063489,0.089532,4.359583
Pencil,2048,straight,512,merged,8,1,99,6488064,0.046354,0.247083,3.447448
Pencil,2048,straight,512,contact,8,3,99,17104896,0.063489,0.188958,8.797396
Pencil,2048,straight,512,merged,9,1,99,6488064,0.046354,0.186927,3.421146
Pencil,2048,straight,512,contact,9,3,99,17104896,0.063489,0.486145,8.830521
Pencil,2048,straight,512,simple,9,3,99,17104896,0.063489,0.375989,4.368437
Pencil,2048,straight,512,contact,10,3,99,17104896,0.063489,0.570730,8.808854
Pencil,2048,straight,512,simple,10,3,99,17104896,0.063489,0.638021,4.341042
Pencil,2048,straight,512,merged,10,1,99,6488064,0.046354,0.157552,3.435521
Pencil,2048,straight,512,simple,11,3,99,17104896,0.063489,0.140000,4.331458
Pencil,2048,straight,512,merged,11,1,99,6488064,0.046354,0.557761,3.485104
Pencil,2048,straight,512,contact,11,3,99,17104896,0.063489,0.158593,8.832291
Pencil,2048,straight,512,merged,12,1,99,6488064,0.046354,0.700469,3.440989
Pencil,2048,straight,512,contact,12,3,99,17104896,0.063489,0.435208,8.804271
Pencil,2048,straight,512,simple,12,3,99,17104896,0.063489,0.239948,4.379271
Pencil,2048,straight,512,contact,13,3,99,17104896,0.063489,0.259323,8.825677
Pencil,2048,straight,512,simple,13,3,99,17104896,0.063489,0.370989,4.311042
Pencil,2048,straight,512,merged,13,1,99,6488064,0.046354,0.220625,3.422396
Pencil,2048,straight,512,simple,14,3,99,17104896,0.063489,0.207187,4.320104
Pencil,2048,straight,512,merged,14,1,99,6488064,0.046354,0.280521,3.423802
Pencil,2048,straight,512,contact,14,3,99,17104896,0.063489,0.277084,8.792083
Pencil,2048,straight,512,merged,15,1,99,6488064,0.046354,0.232969,3.446198
Pencil,2048,straight,512,contact,15,3,99,17104896,0.063489,0.216094,8.790156
Pencil,2048,straight,512,simple,15,3,99,17104896,0.063489,0.598021,4.310208
Pencil,2048,straight,512,contact,16,3,99,17104896,0.063489,0.490625,8.809219
Pencil,2048,straight,512,simple,16,3,99,17104896,0.063489,0.487188,4.344219
Pencil,2048,straight,512,merged,16,1,99,6488064,0.046354,0.546042,3.481250
Pencil,2048,straight,512,simple,17,3,99,17104896,0.063489,0.395833,4.340364
Pencil,2048,straight,512,merged,17,1,99,6488064,0.046354,0.363959,3.446094
Pencil,2048,straight,512,contact,17,3,99,17104896,0.063489,0.414948,8.802031
Pencil,2048,straight,512,merged,18,1,99,6488064,0.046354,0.676562,3.435729
Pencil,2048,straight,512,contact,18,3,99,17104896,0.063489,0.418750,8.802969
Pencil,2048,straight,512,simple,18,3,99,17104896,0.063489,0.471511,4.325989
Pencil,2048,straight,512,contact,19,3,99,17104896,0.063489,0.499791,8.800156
Pencil,2048,straight,512,simple,19,3,99,17104896,0.063489,0.559896,4.328958
Pencil,2048,straight,512,merged,19,1,99,6488064,0.046354,0.469011,3.427708
Pencil,2048,straight,512,simple,20,3,99,17104896,0.063489,0.515729,4.317448
Pencil,2048,straight,512,merged,20,1,99,6488064,0.046354,0.434688,3.405990
Pencil,2048,straight,512,contact,20,3,99,17104896,0.063489,0.605729,8.786094
Pencil,2048,straight,512,merged,21,1,99,6488064,0.046354,0.469010,3.423489
Pencil,2048,straight,512,contact,21,3,99,17104896,0.063489,0.424583,8.787864
Pencil,2048,straight,512,simple,21,3,99,17104896,0.063489,0.765261,4.312500
Pencil,2048,straight,512,contact,22,3,99,17104896,0.063489,0.410417,8.784427
Pencil,2048,straight,512,simple,22,3,99,17104896,0.063489,0.501302,4.313021
Pencil,2048,straight,512,merged,22,1,99,6488064,0.046354,0.433385,3.427187
Pencil,2048,straight,512,simple,23,3,99,17104896,0.063489,0.483542,4.322604
Pencil,2048,straight,512,merged,23,1,99,6488064,0.046354,0.479271,3.397917
Pencil,2048,straight,512,contact,23,3,99,17104896,0.063489,0.491198,8.791406
Pencil,2048,straight,512,merged,24,1,99,6488064,0.046354,0.507656,3.431667
Pencil,2048,straight,512,contact,24,3,99,17104896,0.063489,0.394687,8.788541
Pencil,2048,straight,512,simple,24,3,99,17104896,0.063489,0.407552,4.313177
Pencil,2048,straight,512,contact,25,3,99,17104896,0.063489,0.408959,8.786666
Pencil,2048,straight,512,simple,25,3,99,17104896,0.063489,0.473802,4.310052
Pencil,2048,straight,512,merged,25,1,99,6488064,0.046354,0.559427,3.420417
Pencil,2048,straight,512,simple,26,3,99,17104896,0.063489,0.838178,4.312552
Pencil,2048,straight,512,merged,26,1,99,6488064,0.046354,0.469271,3.436875
Pencil,2048,straight,512,contact,26,3,99,17104896,0.063489,0.510417,8.785677
Pencil,2048,straight,512,merged,27,1,99,6488064,0.046354,0.511146,3.432864
Pencil,2048,straight,512,contact,27,3,99,17104896,0.063489,0.432396,8.785364
Pencil,2048,straight,512,simple,27,3,99,17104896,0.063489,0.511614,4.311042
Pencil,2048,straight,512,contact,28,3,99,17104896,0.063489,0.410157,8.789531
Pencil,2048,straight,512,simple,28,3,99,17104896,0.063489,0.523907,4.306094
Pencil,2048,straight,512,merged,28,1,99,6488064,0.046354,0.447604,3.424479
Pencil,2048,straight,512,simple,29,3,99,17104896,0.063489,0.429166,4.306667
Pencil,2048,straight,512,merged,29,1,99,6488064,0.046354,0.509791,3.419062
Pencil,2048,straight,512,contact,29,3,99,17104896,0.063489,0.389792,8.779375
Pencil,2048,straight,512,merged,30,1,99,6488064,0.046354,0.624479,3.433802
Pencil,2048,straight,512,contact,30,3,99,17104896,0.063489,0.741823,8.783385
Pencil,2048,straight,512,simple,30,3,99,17104896,0.063489,0.529010,4.307604
Pencil,2048,straight,512,contact,31,3,99,17104896,0.063489,0.519479,8.787656
Pencil,2048,straight,512,simple,31,3,99,17104896,0.063489,0.673959,4.319114
Pencil,2048,straight,512,merged,31,1,99,6488064,0.046354,0.508594,3.425000
Pencil,2048,straight,512,simple,32,3,99,17104896,0.063489,0.516406,4.309479
Pencil,2048,straight,512,merged,32,1,99,6488064,0.046354,0.608594,3.436979
Pencil,2048,straight,512,contact,32,3,99,17104896,0.063489,0.433802,8.788229
Pencil,2048,straight,512,merged,33,1,99,6488064,0.046354,0.605573,3.425989
Pencil,2048,straight,512,contact,33,3,99,17104896,0.063489,0.529271,8.783489
Pencil,2048,straight,512,simple,33,3,99,17104896,0.063489,0.611771,4.315937
Pencil,2048,straight,512,contact,34,3,99,17104896,0.063489,0.427135,8.793021
Pencil,2048,straight,512,simple,34,3,99,17104896,0.063489,0.504583,4.304739
Pencil,2048,straight,512,merged,34,1,99,6488064,0.046354,0.643438,3.420208
Pencil,2048,straight,512,simple,35,3,99,17104896,0.063489,0.423593,4.310000
Pencil,2048,straight,512,merged,35,1,99,6488064,0.046354,0.413855,3.425156
Pencil,2048,straight,512,contact,35,3,99,17104896,0.063489,0.509896,8.786927
Pencil,2048,straight,512,merged,36,1,99,6488064,0.046354,0.504583,3.424271
Pencil,2048,straight,512,contact,36,3,99,17104896,0.063489,0.441718,8.792239
Pencil,2048,straight,512,simple,36,3,99,17104896,0.063489,0.515468,4.305573
Pencil,2048,straight,512,contact,37,3,99,17104896,0.063489,0.384480,8.783802
Pencil,2048,straight,512,simple,37,3,99,17104896,0.063489,0.674636,4.311250
Pencil,2048,straight,512,merged,37,1,99,6488064,0.046354,0.407500,3.457448
Pencil,2048,straight,512,simple,38,3,99,17104896,0.063489,0.621510,4.328437
Pencil,2048,straight,512,merged,38,1,99,6488064,0.046354,0.412500,3.429271
Pencil,2048,straight,512,contact,38,3,99,17104896,0.063489,0.624167,8.789271
Pencil,2048,straight,512,merged,39,1,99,6488064,0.046354,0.613698,3.420052
Pencil,2048,straight,512,contact,39,3,99,17104896,0.063489,0.612657,8.807187
Pencil,2048,straight,512,simple,39,3,99,17104896,0.063489,0.544583,4.941771
Pencil,2048,straight,512,contact,40,3,99,17104896,0.063489,0.472708,9.582500
Pencil,2048,straight,512,simple,40,3,99,17104896,0.063489,0.548125,4.554427
Pencil,2048,straight,512,merged,40,1,99,6488064,0.046354,0.458073,3.592500
Pencil,2048,straight,512,simple,41,3,99,17104896,0.063489,0.437760,4.572812
Pencil,2048,straight,512,merged,41,1,99,6488064,0.046354,0.416094,3.580885
Pencil,2048,straight,512,contact,41,3,99,17104896,0.063489,0.470990,9.566666
Pencil,2048,straight,512,merged,42,1,99,6488064,0.046354,0.515208,3.586771
Pencil,2048,straight,512,contact,42,3,99,17104896,0.063489,0.532188,9.562396
Pencil,2048,straight,512,simple,42,3,99,17104896,0.063489,0.510261,4.553177
Pencil,2048,straight,512,contact,43,3,99,17104896,0.063489,0.426927,9.563489
Pencil,2048,straight,512,simple,43,3,99,17104896,0.063489,0.474948,4.572864
Pencil,2048,straight,512,merged,43,1,99,6488064,0.046354,0.392031,3.574114
Pencil,2048,straight,512,simple,44,3,99,17104896,0.063489,0.339323,4.576823
Pencil,2048,straight,512,merged,44,1,99,6488064,0.046354,0.321354,3.576719
Pencil,2048,straight,512,contact,44,3,99,17104896,0.063489,0.328907,9.582760
Pencil,2048,straight,512,merged,45,1,99,6488064,0.046354,0.386197,3.582604
Pencil,2048,straight,512,contact,45,3,99,17104896,0.063489,0.371406,9.564010
Pencil,2048,straight,512,simple,45,3,99,17104896,0.063489,0.486407,4.555677
Pencil,2048,straight,512,contact,46,3,99,17104896,0.063489,0.425156,9.564010
Pencil,2048,straight,512,simple,46,3,99,17104896,0.063489,0.507761,4.559167
Pencil,2048,straight,512,merged,46,1,99,6488064,0.046354,0.496927,3.558750
Pencil,2048,straight,512,simple,47,3,99,17104896,0.063489,0.507864,4.556458
Pencil,2048,straight,512,merged,47,1,99,6488064,0.046354,0.438645,3.562656
Pencil,2048,straight,512,contact,47,3,99,17104896,0.063489,1.056979,9.565781
Pencil,2048,straight,512,merged,48,1,99,6488064,0.046354,0.518073,3.570781
Pencil,2048,straight,512,contact,48,3,99,17104896,0.063489,0.400781,9.566250
Pencil,2048,straight,512,simple,48,3,99,17104896,0.063489,0.493593,4.555729
Pencil,2048,straight,512,contact,49,3,99,17104896,0.063489,0.501875,9.563541
Pencil,2048,straight,512,simple,49,3,99,17104896,0.063489,0.509375,4.556042
Pencil,2048,straight,512,merged,49,1,99,6488064,0.046354,0.513281,3.585208
Pencil,256,curve,512,merged,0,16,8,4456448,0.047865,0.381927,0.755885
Pencil,256,curve,512,contact,0,19,8,5242880,0.100521,0.254115,1.917187
Pencil,256,curve,512,simple,0,19,8,5242880,0.100521,0.257760,0.876875
Pencil,256,curve,512,contact,1,19,8,5242880,0.100521,0.247916,1.921042
Pencil,256,curve,512,simple,1,19,8,5242880,0.100521,0.143020,0.865833
Pencil,256,curve,512,merged,1,16,8,4456448,0.047865,0.123281,0.758698
Pencil,256,curve,512,simple,2,19,8,5242880,0.100521,0.136771,0.866406
Pencil,256,curve,512,merged,2,16,8,4456448,0.047865,0.125052,0.756562
Pencil,256,curve,512,contact,2,19,8,5242880,0.100521,0.122500,1.908437
Pencil,256,curve,512,merged,3,16,8,4456448,0.047865,0.219740,0.757187
Pencil,256,curve,512,contact,3,19,8,5242880,0.100521,0.466667,1.906354
Pencil,256,curve,512,simple,3,19,8,5242880,0.100521,0.376980,0.867187
Pencil,256,curve,512,contact,4,19,8,5242880,0.100521,0.400416,1.911094
Pencil,256,curve,512,simple,4,19,8,5242880,0.100521,0.400781,0.868125
Pencil,256,curve,512,merged,4,16,8,4456448,0.047865,0.382656,0.758021
Pencil,256,curve,512,simple,5,19,8,5242880,0.100521,0.394844,0.867708
Pencil,256,curve,512,merged,5,16,8,4456448,0.047865,0.395886,0.757031
Pencil,256,curve,512,contact,5,19,8,5242880,0.100521,0.398854,1.909375
Pencil,256,curve,512,merged,6,16,8,4456448,0.047865,0.400208,0.793646
Pencil,256,curve,512,contact,6,19,8,5242880,0.100521,0.381667,2.003854
Pencil,256,curve,512,simple,6,19,8,5242880,0.100521,0.391459,0.909062
Pencil,256,curve,512,contact,7,19,8,5242880,0.100521,0.388437,2.005990
Pencil,256,curve,512,simple,7,19,8,5242880,0.100521,0.609323,0.907969
Pencil,256,curve,512,merged,7,16,8,4456448,0.047865,0.479323,0.793594
Pencil,256,curve,512,simple,8,19,8,5242880,0.100521,0.392916,0.909844
Pencil,256,curve,512,merged,8,16,8,4456448,0.047865,0.510364,0.796406
Pencil,256,curve,512,contact,8,19,8,5242880,0.100521,0.543698,2.009427
Pencil,256,curve,512,merged,9,16,8,4456448,0.047865,0.487969,0.793125
Pencil,256,curve,512,contact,9,19,8,5242880,0.100521,0.580313,2.008698
Pencil,256,curve,512,simple,9,19,8,5242880,0.100521,0.486459,0.910417
Pencil,256,curve,512,contact,10,19,8,5242880,0.100521,0.388594,2.007135
Pencil,256,curve,512,simple,10,19,8,5242880,0.100521,0.297344,0.907760
Pencil,256,curve,512,merged,10,16,8,4456448,0.047865,0.264896,0.793385
Pencil,256,curve,512,simple,11,19,8,5242880,0.100521,0.260729,0.911562
Pencil,256,curve,512,merged,11,16,8,4456448,0.047865,0.269479,0.797917
Pencil,256,curve,512,contact,11,19,8,5242880,0.100521,0.316354,2.009167
Pencil,256,curve,512,merged,12,16,8,4456448,0.047865,0.286093,0.796510
Pencil,256,curve,512,contact,12,19,8,5242880,0.100521,0.255677,2.006562
Pencil,256,curve,512,simple,12,19,8,5242880,0.100521,0.279219,0.908958
Pencil,256,curve,512,contact,13,19,8,5242880,0.100521,0.214219,2.008125
Pencil,256,curve,512,simple,13,19,8,5242880,0.100521,0.249896,0.956927
Pencil,256,curve,512,merged,13,16,8,4456448,0.047865,0.197813,0.837187
Pencil,256,curve,512,simple,14,19,8,5242880,0.100521,0.191823,0.953542
Pencil,256,curve,512,merged,14,16,8,4456448,0.047865,0.179375,0.837344
Pencil,256,curve,512,contact,14,19,8,5242880,0.100521,0.206927,2.112083
Pencil,256,curve,512,merged,15,16,8,4456448,0.047865,0.213333,0.842760
Pencil,256,curve,512,contact,15,19,8,5242880,0.100521,0.154740,2.128177
Pencil,256,curve,512,simple,15,19,8,5242880,0.100521,0.131563,0.967292
Pencil,256,curve,512,contact,16,19,8,5242880,0.100521,0.114323,2.132135
Pencil,256,curve,512,simple,16,19,8,5242880,0.100521,0.117240,0.967396
Pencil,256,curve,512,merged,16,16,8,4456448,0.047865,0.137604,0.843125
Pencil,256,curve,512,simple,17,19,8,5242880,0.100521,0.145678,0.967448
Pencil,256,curve,512,merged,17,16,8,4456448,0.047865,0.114688,0.844479
Pencil,256,curve,512,contact,17,19,8,5242880,0.100521,0.114115,2.129635
Pencil,256,curve,512,merged,18,16,8,4456448,0.047865,0.105677,0.843021
Pencil,256,curve,512,contact,18,19,8,5242880,0.100521,0.101980,2.127812
Pencil,256,curve,512,simple,18,19,8,5242880,0.100521,0.099531,0.967344
Pencil,256,curve,512,contact,19,19,8,5242880,0.100521,0.097032,2.132865
Pencil,256,curve,512,simple,19,19,8,5242880,0.100521,0.107239,0.966406
Pencil,256,curve,512,merged,19,16,8,4456448,0.047865,0.099896,0.843125
Pencil,256,curve,512,simple,20,19,8,5242880,0.100521,0.103073,0.965990
Pencil,256,curve,512,merged,20,16,8,4456448,0.047865,0.133698,0.843646
Pencil,256,curve,512,contact,20,19,8,5242880,0.100521,0.100625,2.130885
Pencil,256,curve,512,merged,21,16,8,4456448,0.047865,0.098906,0.844062
Pencil,256,curve,512,contact,21,19,8,5242880,0.100521,0.117656,2.131302
Pencil,256,curve,512,simple,21,19,8,5242880,0.100521,0.108906,0.967448
Pencil,256,curve,512,contact,22,19,8,5242880,0.100521,0.115520,2.126562
Pencil,256,curve,512,simple,22,19,8,5242880,0.100521,0.110625,0.967656
Pencil,256,curve,512,merged,22,16,8,4456448,0.047865,0.107709,0.842292
Pencil,256,curve,512,simple,23,19,8,5242880,0.100521,0.103750,0.967604
Pencil,256,curve,512,merged,23,16,8,4456448,0.047865,0.318125,0.901823
Pencil,256,curve,512,contact,23,19,8,5242880,0.100521,0.312500,2.288594
Pencil,256,curve,512,merged,24,16,8,4456448,0.047865,0.314428,0.902292
Pencil,256,curve,512,contact,24,19,8,5242880,0.100521,0.422031,2.287292
Pencil,256,curve,512,simple,24,19,8,5242880,0.100521,0.456615,1.038594
Pencil,256,curve,512,contact,25,19,8,5242880,0.100521,0.441510,2.294896
Pencil,256,curve,512,simple,25,19,8,5242880,0.100521,0.360677,1.041823
Pencil,256,curve,512,merged,25,16,8,4456448,0.047865,0.481250,0.905312
Pencil,256,curve,512,simple,26,19,8,5242880,0.100521,0.393906,1.037917
Pencil,256,curve,512,merged,26,16,8,4456448,0.047865,0.330938,0.904219
Pencil,256,curve,512,contact,26,19,8,5242880,0.100521,0.322240,2.291979
Pencil,256,curve,512,merged,27,16,8,4456448,0.047865,0.321719,0.906354
Pencil,256,curve,512,contact,27,19,8,5242880,0.100521,0.333385,2.292656
Pencil,256,curve,512,simple,27,19,8,5242880,0.100521,0.494271,1.038906
Pencil,256,curve,512,contact,28,19,8,5242880,0.100521,0.328854,2.290833
Pencil,256,curve,512,simple,28,19,8,5242880,0.100521,0.310260,1.036771
Pencil,256,curve,512,merged,28,16,8,4456448,0.047865,0.312136,0.905729
Pencil,256,curve,512,simple,29,19,8,5242880,0.100521,0.334114,1.039010
Pencil,256,curve,512,merged,29,16,8,4456448,0.047865,0.322396,0.905104
Pencil,256,curve,512,contact,29,19,8,5242880,0.100521,0.324531,2.294531
Pencil,256,curve,512,merged,30,16,8,4456448,0.047865,0.487344,0.906771
Pencil,256,curve,512,contact,30,19,8,5242880,0.100521,0.476875,2.295000
Pencil,256,curve,512,simple,30,19,8,5242880,0.100521,0.313906,1.166458
Pencil,256,curve,512,contact,31,19,8,5242880,0.100521,0.401927,2.591354
Pencil,256,curve,512,simple,31,19,8,5242880,0.100521,0.334427,1.166094
Pencil,256,curve,512,merged,31,16,8,4456448,0.047865,0.353958,1.015625
Pencil,256,curve,512,simple,32,19,8,5242880,0.100521,0.423594,1.168958
Pencil,256,curve,512,merged,32,16,8,4456448,0.047865,0.233958,1.019115
Pencil,256,curve,512,contact,32,19,8,5242880,0.100521,0.223855,2.591667
Pencil,256,curve,512,merged,33,16,8,4456448,0.047865,0.288855,1.018958
Pencil,256,curve,512,contact,33,19,8,5242880,0.100521,0.346771,2.592656
Pencil,256,curve,512,simple,33,19,8,5242880,0.100521,0.313072,1.170208
Pencil,256,curve,512,contact,34,19,8,5242880,0.100521,0.356928,2.596562
Pencil,256,curve,512,simple,34,19,8,5242880,0.100521,0.355781,1.167969
Pencil,256,curve,512,merged,34,16,8,4456448,0.047865,0.360417,1.017500
Pencil,256,curve,512,simple,35,19,8,5242880,0.100521,0.371302,1.169115
Pencil,256,curve,512,merged,35,16,8,4456448,0.047865,0.353125,1.018490
Pencil,256,curve,512,contact,35,19,8,5242880,0.100521,0.438386,2.594219
Pencil,256,curve,512,merged,36,16,8,4456448,0.047865,0.428802,1.018594
Pencil,256,curve,512,contact,36,19,8,5242880,0.100521,0.353125,2.591094
Pencil,256,curve,512,simple,36,19,8,5242880,0.100521,0.350208,1.168906
Pencil,256,curve,512,contact,37,19,8,5242880,0.100521,0.429948,2.593750
Pencil,256,curve,512,simple,37,19,8,5242880,0.100521,0.436094,1.246510
Pencil,256,curve,512,merged,37,16,8,4456448,0.047865,0.367031,1.084896
Pencil,256,curve,512,simple,38,19,8,5242880,0.100521,0.381302,1.244427
Pencil,256,curve,512,merged,38,16,8,4456448,0.047865,0.369271,1.085573
Pencil,256,curve,512,contact,38,19,8,5242880,0.100521,0.432292,2.790208
Pencil,256,curve,512,merged,39,16,8,4456448,0.047865,0.352343,1.089583
Pencil,256,curve,512,contact,39,19,8,5242880,0.100521,0.381407,2.782396
Pencil,256,curve,512,simple,39,19,8,5242880,0.100521,0.651198,1.250000
Pencil,256,curve,512,contact,40,19,8,5242880,0.100521,0.371823,2.781979
Pencil,256,curve,512,simple,40,19,8,5242880,0.100521,0.368125,1.250729
Pencil,256,curve,512,merged,40,16,8,4456448,0.047865,0.352292,1.088073
Pencil,256,curve,512,simple,41,19,8,5242880,0.100521,0.346302,1.247865
Pencil,256,curve,512,merged,41,16,8,4456448,0.047865,0.361250,1.089375
Pencil,256,curve,512,contact,41,19,8,5242880,0.100521,0.454636,2.786406
Pencil,256,curve,512,merged,42,16,8,4456448,0.047865,0.441510,1.089010
Pencil,256,curve,512,contact,42,19,8,5242880,0.100521,0.354427,2.785104
Pencil,256,curve,512,simple,42,19,8,5242880,0.100521,0.345469,1.249375
Pencil,256,curve,512,contact,43,19,8,5242880,0.100521,0.363906,2.781042
Pencil,256,curve,512,simple,43,19,8,5242880,0.100521,0.356979,1.339583
Pencil,256,curve,512,merged,43,16,8,4456448,0.047865,0.384115,1.163906
Pencil,256,curve,512,simple,44,19,8,5242880,0.100521,0.367656,1.339219
Pencil,256,curve,512,merged,44,16,8,4456448,0.047865,0.435833,1.166354
Pencil,256,curve,512,contact,44,19,8,5242880,0.100521,0.440833,3.003125
Pencil,256,curve,512,merged,45,16,8,4456448,0.047865,0.365260,1.170208
Pencil,256,curve,512,contact,45,19,8,5242880,0.100521,0.357188,3.004583
Pencil,256,curve,512,simple,45,19,8,5242880,0.100521,0.355209,1.342240
Pencil,256,curve,512,contact,46,19,8,5242880,0.100521,0.377240,3.010990
Pencil,256,curve,512,simple,46,19,8,5242880,0.100521,0.342188,1.343490
Pencil,256,curve,512,merged,46,16,8,4456448,0.047865,0.502708,1.166615
Pencil,256,curve,512,simple,47,19,8,5242880,0.100521,0.385000,1.340990
Pencil,256,curve,512,merged,47,16,8,4456448,0.047865,0.386927,1.167552
Pencil,256,curve,512,contact,47,19,8,5242880,0.100521,0.366458,3.001875
Pencil,256,curve,512,merged,48,16,8,4456448,0.047865,0.347917,1.169687
Pencil,256,curve,512,contact,48,19,8,5242880,0.100521,0.344063,2.997083
Pencil,256,curve,512,simple,48,19,8,5242880,0.100521,0.321771,1.342604
Pencil,256,curve,512,contact,49,19,8,5242880,0.100521,0.330000,3.002552
Pencil,256,curve,512,simple,49,19,8,5242880,0.100521,0.640312,1.677031
Pencil,256,curve,512,merged,49,16,8,4456448,0.047865,0.332344,1.461094
Pencil,256,straight,512,merged,0,1,8,524288,0.217135,0.406511,0.442865
Pencil,256,straight,512,contact,0,17,8,4718592,0.206458,0.749896,3.436823
Pencil,256,straight,512,simple,0,17,8,4718592,0.206458,0.345313,1.546719
Pencil,256,straight,512,contact,1,17,8,4718592,0.206458,0.324323,3.431198
Pencil,256,straight,512,simple,1,17,8,4718592,0.206458,0.172812,1.536302
Pencil,256,straight,512,merged,1,1,8,524288,0.217135,0.152031,0.440990
Pencil,256,straight,512,simple,2,17,8,4718592,0.206458,0.154271,1.535104
Pencil,256,straight,512,merged,2,1,8,524288,0.217135,0.149948,0.440677
Pencil,256,straight,512,contact,2,17,8,4718592,0.206458,0.456511,3.426719
Pencil,256,straight,512,merged,3,1,8,524288,0.217135,0.370521,0.437552
Pencil,256,straight,512,contact,3,17,8,4718592,0.206458,0.338958,3.428281
Pencil,256,straight,512,simple,3,17,8,4718592,0.206458,0.341614,1.535677
Pencil,256,straight,512,contact,4,17,8,4718592,0.206458,0.387188,3.426667
Pencil,256,straight,512,simple,4,17,8,4718592,0.206458,0.453958,1.537604
Pencil,256,straight,512,merged,4,1,8,524288,0.217135,0.414063,0.442031
Pencil,256,straight,512,simple,5,17,8,4718592,0.206458,0.385052,1.534687
Pencil,256,straight,512,merged,5,1,8,524288,0.217135,0.402291,0.439062
Pencil,256,straight,512,contact,5,17,8,4718592,0.206458,0.382709,3.420312
Pencil,256,straight,512,merged,6,1,8,524288,0.217135,0.379427,0.440312
Pencil,256,straight,512,contact,6,17,8,4718592,0.206458,0.390782,3.425677
Pencil,256,straight,512,simple,6,17,8,4718592,0.206458,0.386250,1.537187
Pencil,256,straight,512,contact,7,17,8,4718592,0.206458,0.506928,3.420937
Pencil,256,straight,512,simple,7,17,8,4718592,0.206458,0.366407,1.613802
Pencil,256,straight,512,merged,7,1,8,524288,0.217135,0.405990,0.499375
Pencil,256,straight,512,simple,8,17,8,4718592,0.206458,0.388697,1.600677
Pencil,256,straight,512,merged,8,1,8,524288,0.217135,0.495312,0.497240
Pencil,256,straight,512,contact,8,17,8,4718592,0.206458,0.380781,3.468542
Pencil,256,straight,512,merged,9,1,8,524288,0.217135,0.396875,0.495990
Pencil,256,straight,512,contact,9,17,8,4718592,0.206458,0.420573,3.469739
Pencil,256,straight,512,simple,9,17,8,4718592,0.206458,0.407031,1.601198
Pencil,256,straight,512,contact,10,17,8,4718592,0.206458,0.402083,3.470625
Pencil,256,straight,512,simple,10,17,8,4718592,0.206458,0.397656,1.601927
Pencil,256,straight,512,merged,10,1,8,524288,0.217135,0.377708,0.503177
Pencil,256,straight,512,simple,11,17,8,4718592,0.206458,0.378073,1.602396
Pencil,256,straight,512,merged,11,1,8,524288,0.217135,0.453438,0.500937
Pencil,256,straight,512,contact,11,17,8,4718592,0.206458,0.378073,3.470364
Pencil,256,straight,512,merged,12,1,8,524288,0.217135,0.381094,0.502396
Pencil,256,straight,512,contact,12,17,8,4718592,0.206458,0.487187,3.470156
Pencil,256,straight,512,simple,12,17,8,4718592,0.206458,0.392240,1.600156
Pencil,256,straight,512,contact,13,17,8,4718592,0.206458,0.449322,3.471198
Pencil,256,straight,512,simple,13,17,8,4718592,0.206458,0.445469,1.602708
Pencil,256,straight,512,merged,13,1,8,524288,0.217135,0.403281,0.503594
Pencil,256,straight,512,simple,14,17,8,4718592,0.206458,0.390209,1.598490
Pencil,256,straight,512,merged,14,1,8,524288,0.217135,0.381458,0.509427
Pencil,256,straight,512,contact,14,17,8,4718592,0.206458,0.376980,3.470677
Pencil,256,straight,512,merged,15,1,8,524288,0.217135,0.374167,0.497865
Pencil,256,straight,512,contact,15,17,8,4718592,0.206458,0.395729,3.470364
Pencil,256,straight,512,simple,15,17,8,4718592,0.206458,0.386771,1.602552
Pencil,256,straight,512,contact,16,17,8,4718592,0.206458,0.377239,3.469635
Pencil,256,straight,512,simple,16,17,8,4718592,0.206458,0.497135,1.601406
Pencil,256,straight,512,merged,16,1,8,524288,0.217135,0.389011,0.497396
Pencil,256,straight,512,simple,17,17,8,4718592,0.206458,0.385312,1.602083
Pencil,256,straight,512,merged,17,1,8,524288,0.217135,0.382448,0.510729
Pencil,256,straight,512,contact,17,17,8,4718592,0.206458,0.406667,3.468906
Pencil,256,straight,512,merged,18,1,8,524288,0.217135,0.387917,0.508750
Pencil,256,straight,512,contact,18,17,8,4718592,0.206458,0.478542,3.467969
Pencil,256,straight,512,simple,18,17,8,4718592,0.206458,0.387969,1.598802
Pencil,256,straight,512,contact,19,17,8,4718592,0.206458,0.445156,3.468021
Pencil,256,straight,512,simple,19,17,8,4718592,0.206458,0.404479,1.604010
Pencil,256,straight,512,merged,19,1,8,524288,0.217135,0.385416,0.511719
Pencil,256,straight,512,simple,20,17,8,4718592,0.206458,0.396875,1.598958
Pencil,256,straight,512,merged,20,1,8,524288,0.217135,0.407136,0.502396
Pencil,256,straight,512,contact,20,17,8,4718592,0.206458,0.388958,3.472396
Pencil,256,straight,512,merged,21,1,8,524288,0.217135,0.379218,0.505885
Pencil,256,straight,512,contact,21,17,8,4718592,0.206458,0.372761,3.463489
Pencil,256,straight,512,simple,21,17,8,4718592,0.206458,0.445677,1.585365
Pencil,256,straight,512,contact,22,17,8,4718592,0.206458,0.395834,3.471562
Pencil,256,straight,512,simple,22,17,8,4718592,0.206458,0.493125,1.603385
Pencil,256,straight,512,merged,22,1,8,524288,0.217135,0.381614,0.505104
Pencil,256,straight,512,simple,23,17,8,4718592,0.206458,0.386823,1.602812
Pencil,256,straight,512,merged,23,1,8,524288,0.217135,0.375834,0.506458
Pencil,256,straight,512,contact,23,17,8,4718592,0.206458,0.382500,3.472187
Pencil,256,straight,512,merged,24,1,8,524288,0.217135,0.401718,0.494010
Pencil,256,straight,512,contact,24,17,8,4718592,0.206458,2.080781,3.470208
Pencil,256,straight,512,simple,24,17,8,4718592,0.206458,0.576875,1.603437
Pencil,256,straight,512,contact,25,17,8,4718592,0.206458,0.408125,3.470677
Pencil,256,straight,512,simple,25,17,8,4718592,0.206458,0.400104,1.601198
Pencil,256,straight,512,merged,25,1,8,524288,0.217135,0.456510,0.465990
Pencil,256,straight,512,simple,26,17,8,4718592,0.206458,0.404635,1.586927
Pencil,256,straight,512,merged,26,1,8,524288,0.217135,0.399688,0.466979
Pencil,256,straight,512,contact,26,17,8,4718592,0.206458,0.675417,3.464687
Pencil,256,straight,512,merged,27,1,8,524288,0.217135,0.880781,0.468750
Pencil,256,straight,512,contact,27,17,8,4718592,0.206458,0.445052,3.465208
Pencil,256,straight,512,simple,27,17,8,4718592,0.206458,0.608385,1.590417
Pencil,256,straight,512,contact,28,17,8,4718592,0.206458,0.512031,3.473021
Pencil,256,straight,512,simple,28,17,8,4718592,0.206458,0.417344,1.598073
Pencil,256,straight,512,merged,28,1,8,524288,0.217135,0.407136,0.500833
Pencil,256,straight,512,simple,29,17,8,4718592,0.206458,0.504271,1.600885
Pencil,256,straight,512,merged,29,1,8,524288,0.217135,0.555885,0.493281
Pencil,256,straight,512,contact,29,17,8,4718592,0.206458,0.428281,3.471354
Pencil,256,straight,512,merged,30,1,8,524288,0.217135,0.425364,0.501354
Pencil,256,straight,512,contact,30,17,8,4718592,0.206458,0.401875,3.479479
Pencil,256,straight,512,simple,30,17,8,4718592,0.206458,0.398073,1.588854
Pencil,256,straight,512,contact,31,17,8,4718592,0.206458,0.401459,3.467135
Pencil,256,straight,512,simple,31,17,8,4718592,0.206458,0.500313,1.602812
Pencil,256,straight,512,merged,31,1,8,524288,0.217135,0.398020,0.498854
Pencil,256,straight,512,simple,32,17,8,4718592,0.206458,0.405938,1.602656
Pencil,256,straight,512,merged,32,1,8,524288,0.217135,0.396562,0.505729
Pencil,256,straight,512,contact,32,17,8,4718592,0.206458,0.386146,3.468125
Pencil,256,straight,512,merged,33,1,8,524288,0.217135,0.417188,0.494531
Pencil,256,straight,512,contact,33,17,8,4718592,0.206458,0.479584,3.474896
Pencil,256,straight,512,simple,33,17,8,4718592,0.206458,0.394687,1.598802
Pencil,256,straight,512,contact,34,17,8,4718592,0.206458,0.491406,3.469479
Pencil,256,straight,512,simple,34,17,8,4718592,0.206458,0.515052,1.601667
Pencil,256,straight,512,merged,34,1,8,524288,0.217135,0.411562,0.503542
Pencil,256,straight,512,simple,35,17,8,4718592,0.206458,0.407344,1.598125
Pencil,256,straight,512,merged,35,1,8,524288,0.217135,0.386041,0.504896
Pencil,256,straight,512,contact,35,17,8,4718592,0.206458,0.416510,3.472708
Pencil,256,straight,512,merged,36,1,8,524288,0.217135,0.397395,0.500781
Pencil,256,straight,512,contact,36,17,8,4718592,0.206458,0.418541,3.469010
Pencil,256,straight,512,simple,36,17,8,4718592,0.206458,0.399636,1.604479
Pencil,256,straight,512,contact,37,17,8,4718592,0.206458,0.387552,3.477760
Pencil,256,straight,512,simple,37,17,8,4718592,0.206458,0.488489,1.600625
Pencil,256,straight,512,merged,37,1,8,524288,0.217135,0.394479,0.492917
Pencil,256,straight,512,simple,38,17,8,4718592,0.206458,0.400156,1.599271
Pencil,256,straight,512,merged,38,1,8,524288,0.217135,0.413281,0.497865
Pencil,256,straight,512,contact,38,17,8,4718592,0.206458,0.389270,3.469375
Pencil,256,straight,512,merged,39,1,8,524288,0.217135,0.399427,0.503750
Pencil,256,straight,512,contact,39,17,8,4718592,0.206458,0.402447,3.468594
Pencil,256,straight,512,simple,39,17,8,4718592,0.206458,0.385781,1.601562
Pencil,256,straight,512,contact,40,17,8,4718592,0.206458,0.393958,3.476250
Pencil,256,straight,512,simple,40,17,8,4718592,0.206458,0.606406,1.602031
Pencil,256,straight,512,merged,40,1,8,524288,0.217135,0.408229,0.504896
Pencil,256,straight,512,simple,41,17,8,4718592,0.206458,0.397135,1.600990
Pencil,256,straight,512,merged,41,1,8,524288,0.217135,0.407760,0.507448
Pencil,256,straight,512,contact,41,17,8,4718592,0.206458,0.391822,3.471458
Pencil,256,straight,512,merged,42,1,8,524288,0.217135,0.390677,0.499896
Pencil,256,straight,512,contact,42,17,8,4718592,0.206458,0.391041,3.474323
Pencil,256,straight,512,simple,42,17,8,4718592,0.206458,0.409479,1.601615
Pencil,256,straight,512,contact,43,17,8,4718592,0.206458,0.402239,3.475521
Pencil,256,straight,512,simple,43,17,8,4718592,0.206458,0.514270,1.602656
Pencil,256,straight,512,merged,43,1,8,524288,0.217135,0.393750,0.507135
Pencil,256,straight,512,simple,44,17,8,4718592,0.206458,0.397136,1.601094
Pencil,256,straight,512,merged,44,1,8,524288,0.217135,0.393645,0.511094
Pencil,256,straight,512,contact,44,17,8,4718592,0.206458,0.400729,3.468021
Pencil,256,straight,512,merged,45,1,8,524288,0.217135,0.394688,0.500000
Pencil,256,straight,512,contact,45,17,8,4718592,0.206458,0.384948,3.474687
Pencil,256,straight,512,simple,45,17,8,4718592,0.206458,0.383333,1.600885
Pencil,256,straight,512,contact,46,17,8,4718592,0.206458,0.388594,3.471823
Pencil,256,straight,512,simple,46,17,8,4718592,0.206458,0.505782,1.603594
Pencil,256,straight,512,merged,46,1,8,524288,0.217135,0.408281,0.500365
Pencil,256,straight,512,simple,47,17,8,4718592,0.206458,0.475312,1.602917
Pencil,256,straight,512,merged,47,1,8,524288,0.217135,0.418282,0.514531
Pencil,256,straight,512,contact,47,17,8,4718592,0.206458,0.405313,3.471510
Pencil,256,straight,512,merged,48,1,8,524288,0.217135,0.392239,0.500521
Pencil,256,straight,512,contact,48,17,8,4718592,0.206458,0.390833,3.467448
Pencil,256,straight,512,simple,48,17,8,4718592,0.206458,0.411511,1.601146
Pencil,256,straight,512,contact,49,17,8,4718592,0.206458,0.388334,3.472917
Pencil,256,straight,512,simple,49,17,8,4718592,0.206458,0.456927,1.601823
Pencil,256,straight,512,merged,49,1,8,524288,0.217135,0.415521,0.494844
Pencil,32,curve,512,merged,0,27,3,2031616,0.465990,0.485260,0.642500
Pencil,32,curve,512,contact,0,142,3,10878976,0.425313,0.648593,6.263021
Pencil,32,curve,512,simple,0,142,3,10878976,0.425313,0.545937,3.076094
Pencil,32,curve,512,contact,1,142,3,10878976,0.425313,0.455209,6.233073
Pencil,32,curve,512,simple,1,142,3,10878976,0.425313,0.457448,3.059792
Pencil,32,curve,512,merged,1,27,3,2031616,0.465990,0.363177,0.645156
Pencil,32,curve,512,simple,2,142,3,10878976,0.425313,0.615416,3.060625
Pencil,32,curve,512,merged,2,27,3,2031616,0.465990,0.502031,0.642448
Pencil,32,curve,512,contact,2,142,3,10878976,0.425313,0.393802,6.206146
Pencil,32,curve,512,merged,3,27,3,2031616,0.465990,0.452188,0.643073
Pencil,32,curve,512,contact,3,142,3,10878976,0.425313,0.400260,6.214531
Pencil,32,curve,512,simple,3,142,3,10878976,0.425313,0.572917,3.070000
Pencil,32,curve,512,contact,4,142,3,10878976,0.425313,0.539323,6.208906
Pencil,32,curve,512,simple,4,142,3,10878976,0.425313,0.517396,3.064792
Pencil,32,curve,512,merged,4,27,3,2031616,0.465990,0.538593,0.642031
Pencil,32,curve,512,simple,5,142,3,10878976,0.425313,0.405365,3.055885
Pencil,32,curve,512,merged,5,27,3,2031616,0.465990,0.443177,0.642292
Pencil,32,curve,512,contact,5,142,3,10878976,0.425313,0.407552,6.217448
Pencil,32,curve,512,merged,6,27,3,2031616,0.465990,0.715573,0.641875
Pencil,32,curve,512,contact,6,142,3,10878976,0.425313,0.431666,6.199375
Pencil,32,curve,512,simple,6,142,3,10878976,0.425313,0.656979,3.062031
Pencil,32,curve,512,contact,7,142,3,10878976,0.425313,0.562500,6.204896
Pencil,32,curve,512,simple,7,142,3,10878976,0.425313,0.657031,3.057708
Pencil,32,curve,512,merged,7,27,3,2031616,0.465990,0.401718,0.643698
Pencil,32,curve,512,simple,8,142,3,10878976,0.425313,0.402604,3.060990
Pencil,32,curve,512,merged,8,27,3,2031616,0.465990,0.391458,0.642760
Pencil,32,curve,512,contact,8,142,3,10878976,0.425313,0.381354,6.221094
Pencil,32,curve,512,merged,9,27,3,2031616,0.465990,0.527396,0.641927
Pencil,32,curve,512,contact,9,142,3,10878976,0.425313,0.397083,6.208906
Pencil,32,curve,512,simple,9,142,3,10878976,0.425313,0.509532,3.064531
Pencil,32,curve,512,contact,10,142,3,10878976,0.425313,0.445886,6.204323
Pencil,32,curve,512,simple,10,142,3,10878976,0.425313,0.520730,3.036406
Pencil,32,curve,512,merged,10,27,3,2031616,0.465990,0.437136,0.632812
Pencil,32,curve,512,simple,11,142,3,10878976,0.425313,0.480052,3.051458
Pencil,32,curve,512,merged,11,27,3,2031616,0.465990,0.409271,0.635729
Pencil,32,curve,512,contact,11,142,3,10878976,0.425313,0.391146,6.202135
Pencil,32,curve,512,merged,12,27,3,2031616,0.465990,0.512135,0.634896
Pencil,32,curve,512,contact,12,142,3,10878976,0.425313,0.926562,6.211198
Pencil,32,curve,512,simple,12,142,3,10878976,0.425313,0.523281,3.041562
Pencil,32,curve,512,contact,13,142,3,10878976,0.425313,0.412500,6.213802
Pencil,32,curve,512,simple,13,142,3,10878976,0.425313,0.446354,3.045625
Pencil,32,curve,512,merged,13,27,3,2031616,0.465990,0.400886,0.643490
Pencil,32,curve,512,simple,14,142,3,10878976,0.425313,0.401511,3.072031
Pencil,32,curve,512,merged,14,27,3,2031616,0.465990,0.383125,0.642083
Pencil,32,curve,512,contact,14,142,3,10878976,0.425313,0.523021,6.205000
Pencil,32,curve,512,merged,15,27,3,2031616,0.465990,0.716354,0.641823
Pencil,32,curve,512,contact,15,142,3,10878976,0.425313,0.421823,6.210521
Pencil,32,curve,512,simple,15,142,3,10878976,0.425313,0.415677,3.068333
Pencil,32,curve,512,contact,16,142,3,10878976,0.425313,0.543802,6.217396
Pencil,32,curve,512,simple,16,142,3,10878976,0.425313,0.503698,3.064583
Pencil,32,curve,512,merged,16,27,3,2031616,0.465990,0.408125,0.642448
Pencil,32,curve,512,simple,17,142,3,10878976,0.425313,0.535885,3.060937
Pencil,32,curve,512,merged,17,27,3,2031616,0.465990,0.397500,0.643594
Pencil,32,curve,512,contact,17,142,3,10878976,0.425313,0.398073,6.214114
Pencil,32,curve,512,merged,18,27,3,2031616,0.465990,0.521198,0.644115
Pencil,32,curve,512,contact,18,142,3,10878976,0.425313,0.429219,6.211771
Pencil,32,curve,512,simple,18,142,3,10878976,0.425313,0.620521,3.056667
Pencil,32,curve,512,contact,19,142,3,10878976,0.425313,0.694167,6.215208
Pencil,32,curve,512,simple,19,142,3,10878976,0.425313,0.640833,3.055312
Pencil,32,curve,512,merged,19,27,3,2031616,0.465990,0.546719,0.642135
Pencil,32,curve,512,simple,20,142,3,10878976,0.425313,0.422969,3.062656
Pencil,32,curve,512,merged,20,27,3,2031616,0.465990,0.530781,0.642187
Pencil,32,curve,512,contact,20,142,3,10878976,0.425313,0.405573,6.214896
Pencil,32,curve,512,merged,21,27,3,2031616,0.465990,0.550156,0.642240
Pencil,32,curve,512,contact,21,142,3,10878976,0.425313,0.417083,6.214479
Pencil,32,curve,512,simple,21,142,3,10878976,0.425313,0.465313,3.056510
Pencil,32,curve,512,contact,22,142,3,10878976,0.425313,0.393698,6.226875
Pencil,32,curve,512,simple,22,142,3,10878976,0.425313,0.516563,3.064323
Pencil,32,curve,512,merged,22,27,3,2031616,0.465990,0.460677,0.644740
Pencil,32,curve,512,simple,23,142,3,10878976,0.425313,0.501667,3.068333
Pencil,32,curve,512,merged,23,27,3,2031616,0.465990,0.551459,0.641302
Pencil,32,curve,512,contact,23,142,3,10878976,0.425313,0.415833,6.215417
Pencil,32,curve,512,merged,24,27,3,2031616,0.465990,0.527709,0.641510
Pencil,32,curve,512,contact,24,142,3,10878976,0.425313,0.527865,6.213125
Pencil,32,curve,512,simple,24,142,3,10878976,0.425313,0.509844,3.053490
Pencil,32,curve,512,contact,25,142,3,10878976,0.425313,0.414427,6.215781
Pencil,32,curve,512,simple,25,142,3,10878976,0.425313,0.520260,3.057969
Pencil,32,curve,512,merged,25,27,3,2031616,0.465990,0.408907,0.641823
Pencil,32,curve,512,simple,26,142,3,10878976,0.425313,0.401875,3.056562
Pencil,32,curve,512,merged,26,27,3,2031616,0.465990,0.550573,0.640677
Pencil,32,curve,512,contact,26,142,3,10878976,0.425313,0.424844,6.211458
Pencil,32,curve,512,merged,27,27,3,2031616,0.465990,0.494635,0.643021
Pencil,32,curve,512,contact,27,142,3,10878976,0.425313,0.517500,6.210156
Pencil,32,curve,512,simple,27,142,3,10878976,0.425313,0.578386,3.062135
Pencil,32,curve,512,contact,28,142,3,10878976,0.425313,0.398802,6.206510
Pencil,32,curve,512,simple,28,142,3,10878976,0.425313,0.519583,3.057552
Pencil,32,curve,512,merged,28,27,3,2031616,0.465990,0.547240,0.645521
Pencil,32,curve,512,simple,29,142,3,10878976,0.425313,0.438490,3.057083
Pencil,32,curve,512,merged,29,27,3,2031616,0.465990,0.533646,0.641719
Pencil,32,curve,512,contact,29,142,3,10878976,0.425313,0.410625,6.214010
Pencil,32,curve,512,merged,30,27,3,2031616,0.465990,0.538958,0.642187
Pencil,32,curve,512,contact,30,142,3,10878976,0.425313,0.509218,6.213437
Pencil,32,curve,512,simple,30,142,3,10878976,0.425313,0.629271,3.073021
Pencil,32,curve,512,contact,31,142,3,10878976,0.425313,0.402760,6.214010
Pencil,32,curve,512,simple,31,142,3,10878976,0.425313,0.518437,3.060833
Pencil,32,curve,512,merged,31,27,3,2031616,0.465990,0.553125,0.645052
Pencil,32,curve,512,simple,32,142,3,10878976,0.425313,0.403802,3.063698
Pencil,32,curve,512,merged,32,27,3,2031616,0.465990,0.612813,0.643437
Pencil,32,curve,512,contact,32,142,3,10878976,0.425313,0.406458,6.201458
Pencil,32,curve,512,merged,33,27,3,2031616,0.465990,0.510312,0.642917
Pencil,32,curve,512,contact,33,142,3,10878976,0.425313,0.399375,6.219114
Pencil,32,curve,512,simple,33,142,3,10878976,0.425313,0.590052,3.055260
Pencil,32,curve,512,contact,34,142,3,10878976,0.425313,0.551562,6.204323
Pencil,32,curve,512,simple,34,142,3,10878976,0.425313,0.486562,3.066302
Pencil,32,curve,512,merged,34,27,3,2031616,0.465990,0.529219,0.643750
Pencil,32,curve,512,simple,35,142,3,10878976,0.425313,0.453073,3.067031
Pencil,32,curve,512,merged,35,27,3,2031616,0.465990,0.491667,0.644687
Pencil,32,curve,512,contact,35,142,3,10878976,0.425313,0.416042,6.212500
Pencil,32,curve,512,merged,36,27,3,2031616,0.465990,0.532656,0.641771
Pencil,32,curve,512,contact,36,142,3,10878976,0.425313,0.411771,6.225937
Pencil,32,curve,512,simple,36,142,3,10878976,0.425313,0.608281,3.067760
Pencil,32,curve,512,contact,37,142,3,10878976,0.425313,0.453125,6.230104
Pencil,32,curve,512,simple,37,142,3,10878976,0.425313,0.703021,3.065104
Pencil,32,curve,512,merged,37,27,3,2031616,0.465990,0.550157,0.641875
Pencil,32,curve,512,simple,38,142,3,10878976,0.425313,0.421406,3.056927
Pencil,32,curve,512,merged,38,27,3,2031616,0.465990,0.414480,0.643490
Pencil,32,curve,512,contact,38,142,3,10878976,0.425313,0.390104,6.214323
Pencil,32,curve,512,merged,39,27,3,2031616,0.465990,0.520052,0.645000
Pencil,32,curve,512,contact,39,142,3,10878976,0.425313,0.467135,6.214375
Pencil,32,curve,512,simple,39,142,3,10878976,0.425313,0.521823,3.060781
Pencil,32,curve,512,contact,40,142,3,10878976,0.425313,0.505573,6.213021
Pencil,32,curve,512,simple,40,142,3,10878976,0.425313,0.454896,3.065000
Pencil,32,curve,512,merged,40,27,3,2031616,0.465990,0.387917,0.642396
Pencil,32,curve,512,simple,41,142,3,10878976,0.425313,0.383490,3.059896
Pencil,32,curve,512,merged,41,27,3,2031616,0.465990,0.400260,0.642708
Pencil,32,curve,512,contact,41,142,3,10878976,0.425313,0.385364,6.217135
Pencil,32,curve,512,merged,42,27,3,2031616,0.465990,0.541406,0.641979
Pencil,32,curve,512,contact,42,142,3,10878976,0.425313,0.401562,6.210312
Pencil,32,curve,512,simple,42,142,3,10878976,0.425313,0.515365,3.062344
Pencil,32,curve,512,contact,43,142,3,10878976,0.425313,0.489532,6.201146
Pencil,32,curve,512,simple,43,142,3,10878976,0.425313,0.512969,3.061979
Pencil,32,curve,512,merged,43,27,3,2031616,0.465990,0.660521,0.642292
Pencil,32,curve,512,simple,44,142,3,10878976,0.425313,0.417552,3.063437
Pencil,32,curve,512,merged,44,27,3,2031616,0.465990,0.413229,0.643281
Pencil,32,curve,512,contact,44,142,3,10878976,0.425313,0.395469,6.195937
Pencil,32,curve,512,merged,45,27,3,2031616,0.465990,0.523750,0.642240
Pencil,32,curve,512,contact,45,142,3,10878976,0.425313,0.533698,6.208125
Pencil,32,curve,512,simple,45,142,3,10878976,0.425313,0.519166,3.060990
Pencil,32,curve,512,contact,46,142,3,10878976,0.425313,0.518073,6.217396
Pencil,32,curve,512,simple,46,142,3,10878976,0.425313,0.464739,3.067917
Pencil,32,curve,512,merged,46,27,3,2031616,0.465990,0.398958,0.643021
Pencil,32,curve,512,simple,47,142,3,10878976,0.425313,0.384010,3.054427
Pencil,32,curve,512,merged,47,27,3,2031616,0.465990,0.514322,0.642917
Pencil,32,curve,512,contact,47,142,3,10878976,0.425313,0.453282,6.215208
Pencil,32,curve,512,merged,48,27,3,2031616,0.465990,0.454531,0.642969
Pencil,32,curve,512,contact,48,142,3,10878976,0.425313,0.394323,6.210312
Pencil,32,curve,512,simple,48,142,3,10878976,0.425313,0.450052,3.065365
Pencil,32,curve,512,contact,49,142,3,10878976,0.425313,0.561250,6.219583
Pencil,32,curve,512,simple,49,142,3,10878976,0.425313,0.473594,3.066354
Pencil,32,curve,512,merged,49,27,3,2031616,0.465990,0.412656,0.642240
Pencil,32,straight,512,merged,0,1,3,196608,0.312708,0.509167,0.176615
Pencil,32,straight,512,contact,0,125,3,9502720,0.357969,0.662188,5.435573
Pencil,32,straight,512,simple,0,125,3,9502720,0.357969,0.511250,2.694375
Pencil,32,straight,512,contact,1,125,3,9502720,0.357969,0.626302,5.442135
Pencil,32,straight,512,simple,1,125,3,9502720,0.357969,0.478698,2.687917
Pencil,32,straight,512,merged,1,1,3,196608,0.312708,0.459115,0.173750
Pencil,32,straight,512,simple,2,125,3,9502720,0.357969,0.545157,2.682500
Pencil,32,straight,512,merged,2,1,3,196608,0.312708,0.459948,0.173542
Pencil,32,straight,512,contact,2,125,3,9502720,0.357969,0.519532,5.434531
Pencil,32,straight,512,merged,3,1,3,196608,0.312708,0.458854,0.170365
Pencil,32,straight,512,contact,3,125,3,9502720,0.357969,0.548386,5.424479
Pencil,32,straight,512,simple,3,125,3,9502720,0.357969,0.989479,2.680208
Pencil,32,straight,512,contact,4,125,3,9502720,0.357969,0.393906,5.450729
Pencil,32,straight,512,simple,4,125,3,9502720,0.357969,0.387344,2.668542
Pencil,32,straight,512,merged,4,1,3,196608,0.312708,0.203438,0.166094
Pencil,32,straight,512,simple,5,125,3,9502720,0.357969,0.170938,2.665937
Pencil,32,straight,512,merged,5,1,3,196608,0.312708,0.112656,0.166719
Pencil,32,straight,512,contact,5,125,3,9502720,0.357969,0.143229,5.425521
Pencil,32,straight,512,merged,6,1,3,196608,0.312708,0.403958,0.185156
Pencil,32,straight,512,contact,6,125,3,9502720,0.357969,0.406719,5.430885
Pencil,32,straight,512,simple,6,125,3,9502720,0.357969,0.467969,2.698229
Pencil,32,straight,512,contact,7,125,3,9502720,0.357969,0.402917,5.433437
Pencil,32,straight,512,simple,7,125,3,9502720,0.357969,0.430886,2.685885
Pencil,32,straight,512,merged,7,1,3,196608,0.312708,0.394792,0.169740
Pencil,32,straight,512,simple,8,125,3,9502720,0.357969,0.412083,2.694583
Pencil,32,straight,512,merged,8,1,3,196608,0.312708,0.402136,0.175469
Pencil,32,straight,512,contact,8,125,3,9502720,0.357969,0.392344,5.432552
Pencil,32,straight,512,merged,9,1,3,196608,0.312708,0.523229,0.175417
Pencil,32,straight,512,contact,9,125,3,9502720,0.357969,0.561302,5.428854
Pencil,32,straight,512,simple,9,125,3,9502720,0.357969,0.586406,2.687500
Pencil,32,straight,512,contact,10,125,3,9502720,0.357969,0.474792,5.427552
Pencil,32,straight,512,simple,10,125,3,9502720,0.357969,0.502917,2.685729
Pencil,32,straight,512,merged,10,1,3,196608,0.312708,0.420104,0.173958
Pencil,32,straight,512,simple,11,125,3,9502720,0.357969,0.390157,2.689635
Pencil,32,straight,512,merged,11,1,3,196608,0.312708,0.399219,0.175365
Pencil,32,straight,512,contact,11,125,3,9502720,0.357969,0.652656,5.433385
Pencil,32,straight,512,merged,12,1,3,196608,0.312708,0.575417,0.169115
Pencil,32,straight,512,contact,12,125,3,9502720,0.357969,0.477604,5.427396
Pencil,32,straight,512,simple,12,125,3,9502720,0.357969,0.460625,2.688333
Pencil,32,straight,512,contact,13,125,3,9502720,0.357969,0.391614,5.463125
Pencil,32,straight,512,simple,13,125,3,9502720,0.357969,0.457187,2.699531
Pencil,32,straight,512,merged,13,1,3,196608,0.312708,0.404688,0.170990
Pencil,32,straight,512,simple,14,125,3,9502720,0.357969,0.389427,2.695417
Pencil,32,straight,512,merged,14,1,3,196608,0.312708,0.396354,0.167604
Pencil,32,straight,512,contact,14,125,3,9502720,0.357969,0.386875,5.434167
Pencil,32,straight,512,merged,15,1,3,196608,0.312708,0.514948,0.172031
Pencil,32,straight,512,contact,15,125,3,9502720,0.357969,0.500364,5.425052
Pencil,32,straight,512,simple,15,125,3,9502720,0.357969,0.587865,2.689219
Pencil,32,straight,512,contact,16,125,3,9502720,0.357969,0.729271,5.428437
Pencil,32,straight,512,simple,16,125,3,9502720,0.357969,0.611927,2.691615
Pencil,32,straight,512,merged,16,1,3,196608,0.312708,0.508698,0.177344
Pencil,32,straight,512,simple,17,125,3,9502720,0.357969,0.402604,2.686250
Pencil,32,straight,512,merged,17,1,3,196608,0.312708,0.405312,0.172292
Pencil,32,straight,512,contact,17,125,3,9502720,0.357969,0.396042,5.438281
Pencil,32,straight,512,merged,18,1,3,196608,0.312708,0.452708,0.173281
Pencil,32,straight,512,contact,18,125,3,9502720,0.357969,0.552656,5.432500
Pencil,32,straight,512,simple,18,125,3,9502720,0.357969,0.497031,2.688229
Pencil,32,straight,512,contact,19,125,3,9502720,0.357969,0.442031,5.434635
Pencil,32,straight,512,simple,19,125,3,9502720,0.357969,0.506094,2.689167
Pencil,32,straight,512,merged,19,1,3,196608,0.312708,0.458958,0.170729
Pencil,32,straight,512,simple,20,125,3,9502720,0.357969,0.405104,2.696771
Pencil,32,straight,512,merged,20,1,3,196608,0.312708,0.385989,0.176042
Pencil,32,straight,512,contact,20,125,3,9502720,0.357969,0.383750,5.429792
Pencil,32,straight,512,merged,21,1,3,196608,0.312708,0.452083,0.172396
Pencil,32,straight,512,contact,21,125,3,9502720,0.357969,0.388958,5.438594
Pencil,32,straight,512,simple,21,125,3,9502720,0.357969,0.559948,2.696562
Pencil,32,straight,512,contact,22,125,3,9502720,0.357969,0.552500,5.432552
Pencil,32,straight,512,simple,22,125,3,9502720,0.357969,0.553437,2.692917
Pencil,32,straight,512,merged,22,1,3,196608,0.312708,0.463646,0.173698
Pencil,32,straight,512,simple,23,125,3,9502720,0.357969,0.415833,2.687760
Pencil,32,straight,512,merged,23,1,3,196608,0.312708,0.463073,0.168698
Pencil,32,straight,512,contact,23,125,3,9502720,0.357969,0.397396,5.464323
Pencil,32,straight,512,merged,24,1,3,196608,0.312708,0.531666,0.170990
Pencil,32,straight,512,contact,24,125,3,9502720,0.357969,0.518594,5.424427
Pencil,32,straight,512,simple,24,125,3,9502720,0.357969,0.455625,2.684375
Pencil,32,straight,512,contact,25,125,3,9502720,0.357969,0.399532,5.430677
Pencil,32,straight,512,simple,25,125,3,9502720,0.357969,0.520000,2.694583
Pencil,32,straight,512,merged,25,1,3,196608,0.312708,0.470521,0.175417
Pencil,32,straight,512,simple,26,125,3,9502720,0.357969,0.414635,2.691823
Pencil,32,straight,512,merged,26,1,3,196608,0.312708,0.549115,0.174844
Pencil,32,straight,512,contact,26,125,3,9502720,0.357969,0.411042,5.436771
Pencil,32,straight,512,merged,27,1,3,196608,0.312708,0.560052,0.174115
Pencil,32,straight,512,contact,27,125,3,9502720,0.357969,0.407813,5.442864
Pencil,32,straight,512,simple,27,125,3,9502720,0.357969,0.527344,2.699323
Pencil,32,straight,512,contact,28,125,3,9502720,0.357969,0.443438,5.431146
Pencil,32,straight,512,simple,28,125,3,9502720,0.357969,0.374323,2.686615
Pencil,32,straight,512,merged,28,1,3,196608,0.312708,0.460260,0.172396
Pencil,32,straight,512,simple,29,125,3,9502720,0.357969,0.410260,2.685521
Pencil,32,straight,512,merged,29,1,3,196608,0.312708,0.403855,0.170885
Pencil,32,straight,512,contact,29,125,3,9502720,0.357969,0.395000,5.424062
Pencil,32,straight,512,merged,30,1,3,196608,0.312708,0.460625,0.174687
Pencil,32,straight,512,contact,30,125,3,9502720,0.357969,0.423698,5.424427
Pencil,32,straight,512,simple,30,125,3,9502720,0.357969,0.525000,2.685208
Pencil,32,straight,512,contact,31,125,3,9502720,0.357969,0.464791,5.428073
Pencil,32,straight,512,simple,31,125,3,9502720,0.357969,0.520990,2.696510
Pencil,32,straight,512,merged,31,1,3,196608,0.312708,0.456407,0.178490
Pencil,32,straight,512,simple,32,125,3,9502720,0.357969,0.398802,2.686406
Pencil,32,straight,512,merged,32,1,3,196608,0.312708,0.415156,0.169740
Pencil,32,straight,512,contact,32,125,3,9502720,0.357969,0.392188,5.432083
Pencil,32,straight,512,merged,33,1,3,196608,0.312708,0.533802,0.170156
Pencil,32,straight,512,contact,33,125,3,9502720,0.357969,0.420677,5.440417
Pencil,32,straight,512,simple,33,125,3,9502720,0.357969,0.469167,2.689219
Pencil,32,straight,512,contact,34,125,3,9502720,0.357969,0.604948,5.430208
Pencil,32,straight,512,simple,34,125,3,9502720,0.357969,0.458854,2.678854
Pencil,32,straight,512,merged,34,1,3,196608,0.312708,0.406146,0.175625
Pencil,32,straight,512,simple,35,125,3,9502720,0.357969,0.405365,2.684271
Pencil,32,straight,512,merged,35,1,3,196608,0.312708,0.390156,0.168646
Pencil,32,straight,512,contact,35,125,3,9502720,0.357969,0.383281,5.438021
Pencil,32,straight,512,merged,36,1,3,196608,0.312708,0.506666,0.168437
Pencil,32,straight,512,contact,36,125,3,9502720,0.357969,0.399584,5.428750
Pencil,32,straight,512,simple,36,125,3,9502720,0.357969,0.515990,2.694167
Pencil,32,straight,512,contact,37,125,3,9502720,0.357969,0.397396,5.429271
Pencil,32,straight,512,simple,37,125,3,9502720,0.357969,0.507604,2.706354
Pencil,32,straight,512,merged,37,1,3,196608,0.312708,0.471354,0.171771
Pencil,32,straight,512,simple,38,125,3,9502720,0.357969,0.408021,2.693333
Pencil,32,straight,512,merged,38,1,3,196608,0.312708,0.449792,0.169427
Pencil,32,straight,512,contact,38,125,3,9502720,0.357969,0.533906,5.429167
Pencil,32,straight,512,merged,39,1,3,196608,0.312708,0.454896,0.170000
Pencil,32,straight,512,contact,39,125,3,9502720,0.357969,0.473646,5.435260
Pencil,32,straight,512,simple,39,125,3,9502720,0.357969,0.552396,2.691823
Pencil,32,straight,512,contact,40,125,3,9502720,0.357969,0.409219,5.443229
Pencil,32,straight,512,simple,40,125,3,9502720,0.357969,0.452448,2.699427
Pencil,32,straight,512,merged,40,1,3,196608,0.312708,0.398125,0.173542
Pencil,32,straight,512,simple,41,125,3,9502720,0.357969,0.491094,2.693958
Pencil,32,straight,512,merged,41,1,3,196608,0.312708,0.492917,0.174271
Pencil,32,straight,512,contact,41,125,3,9502720,0.357969,0.406458,5.435469
Pencil,32,straight,512,merged,42,1,3,196608,0.312708,0.457969,0.173594
Pencil,32,straight,512,contact,42,125,3,9502720,0.357969,0.410677,5.440989
Pencil,32,straight,512,simple,42,125,3,9502720,0.357969,0.446510,2.692187
Pencil,32,straight,512,contact,43,125,3,9502720,0.357969,0.398750,5.432864
Pencil,32,straight,512,simple,43,125,3,9502720,0.357969,0.449844,2.686198
Pencil,32,straight,512,merged,43,1,3,196608,0.312708,0.429011,0.174010
Pencil,32,straight,512,simple,44,125,3,9502720,0.357969,0.353177,2.679740
Pencil,32,straight,512,merged,44,1,3,196608,0.312708,0.431823,0.174844
Pencil,32,straight,512,contact,44,125,3,9502720,0.357969,0.402292,5.443906
Pencil,32,straight,512,merged,45,1,3,196608,0.312708,0.542656,0.171562
Pencil,32,straight,512,contact,45,125,3,9502720,0.357969,0.409063,5.440260
Pencil,32,straight,512,simple,45,125,3,9502720,0.357969,0.560417,2.693646
Pencil,32,straight,512,contact,46,125,3,9502720,0.357969,0.404844,5.431667
Pencil,32,straight,512,simple,46,125,3,9502720,0.357969,0.517552,2.686198
Pencil,32,straight,512,merged,46,1,3,196608,0.312708,0.456562,0.175312
Pencil,32,straight,512,simple,47,125,3,9502720,0.357969,0.395052,2.684844
Pencil,32,straight,512,merged,47,1,3,196608,0.312708,0.479115,0.171875
Pencil,32,straight,512,contact,47,125,3,9502720,0.357969,0.412760,5.448437
Pencil,32,straight,512,merged,48,1,3,196608,0.312708,0.540417,0.177552
Pencil,32,straight,512,contact,48,125,3,9502720,0.357969,0.408489,5.438854
Pencil,32,straight,512,simple,48,125,3,9502720,0.357969,0.466094,2.690781
Pencil,32,straight,512,contact,49,125,3,9502720,0.357969,0.405677,5.430052
Pencil,32,straight,512,simple,49,125,3,9502720,0.357969,0.519011,2.699323
Pencil,32,straight,512,merged,49,1,3,196608,0.312708,0.555156,0.175052
GPen,2048,backlog,4096,merged,0,1,225,14745600,0.048438,0.739271,8.256614
GPen,2048,backlog,4096,contact,0,13,225,78446592,0.120781,0.212864,98.669529
GPen,2048,backlog,4096,simple,0,13,225,78446592,0.120781,0.202187,56.610259
GPen,2048,backlog,4096,contact,1,13,225,78446592,0.120781,0.209583,100.318800
GPen,2048,backlog,4096,simple,1,13,225,78446592,0.120781,0.391980,14.947239
GPen,2048,backlog,4096,merged,1,1,225,14745600,0.048438,0.364166,8.139271
GPen,2048,backlog,4096,simple,2,13,225,78446592,0.120781,0.881875,14.943281
GPen,2048,backlog,4096,merged,2,1,225,14745600,0.048438,0.496406,8.139844
GPen,2048,backlog,4096,contact,2,13,225,78446592,0.120781,0.518490,33.410051
GPen,2048,backlog,4096,merged,3,1,225,14745600,0.048438,0.404479,8.145416
GPen,2048,backlog,4096,contact,3,13,225,78446592,0.120781,0.727240,33.414114
GPen,2048,backlog,4096,simple,3,13,225,78446592,0.120781,0.405833,14.938281
GPen,2048,backlog,4096,contact,4,13,225,78446592,0.120781,0.534114,33.407239
GPen,2048,backlog,4096,simple,4,13,225,78446592,0.120781,0.322917,14.935364
GPen,2048,backlog,4096,merged,4,1,225,14745600,0.048438,0.612761,8.134323
GPen,2048,backlog,4096,simple,5,13,225,78446592,0.120781,0.318021,14.937604
GPen,2048,backlog,4096,merged,5,1,225,14745600,0.048438,0.615312,8.144271
GPen,2048,backlog,4096,contact,5,13,225,78446592,0.120781,0.320833,33.411145
GPen,2048,backlog,4096,merged,6,1,225,14745600,0.048438,0.673438,8.133906
GPen,2048,backlog,4096,contact,6,13,225,78446592,0.120781,0.526875,33.407239
GPen,2048,backlog,4096,simple,6,13,225,78446592,0.120781,0.506458,14.943593
GPen,2048,backlog,4096,contact,7,13,225,78446592,0.120781,0.319531,33.417187
GPen,2048,backlog,4096,simple,7,13,225,78446592,0.120781,0.607083,14.931302
GPen,2048,backlog,4096,merged,7,1,225,14745600,0.048438,0.399792,8.134062
GPen,2048,backlog,4096,simple,8,13,225,78446592,0.120781,0.515365,14.937395
GPen,2048,backlog,4096,merged,8,1,225,14745600,0.048438,0.508177,8.125937
GPen,2048,backlog,4096,contact,8,13,225,78446592,0.120781,1.089635,33.418333
GPen,2048,backlog,4096,merged,9,1,225,14745600,0.048438,0.459010,8.139166
GPen,2048,backlog,4096,contact,9,13,225,78446592,0.120781,0.568021,33.415937
GPen,2048,backlog,4096,simple,9,13,225,78446592,0.120781,0.604167,14.926927
GPen,2048,backlog,4096,contact,10,13,225,78446592,0.120781,1.264635,33.411978
GPen,2048,backlog,4096,simple,10,13,225,78446592,0.120781,0.599740,14.935468
GPen,2048,backlog,4096,merged,10,1,225,14745600,0.048438,0.515052,8.135781
GPen,2048,backlog,4096,simple,11,13,225,78446592,0.120781,0.551406,14.935989
GPen,2048,backlog,4096,merged,11,1,225,14745600,0.048438,0.600417,8.135521
GPen,2048,backlog,4096,contact,11,13,225,78446592,0.120781,0.515312,33.422343
GPen,2048,backlog,4096,merged,12,1,225,14745600,0.048438,0.508698,8.160260
GPen,2048,backlog,4096,contact,12,13,225,78446592,0.120781,0.525312,33.411353
GPen,2048,backlog,4096,simple,12,13,225,78446592,0.120781,0.683125,14.938593
GPen,2048,backlog,4096,contact,13,13,225,78446592,0.120781,0.516354,33.411093
GPen,2048,backlog,4096,simple,13,13,225,78446592,0.120781,0.693594,14.938593
GPen,2048,backlog,4096,merged,13,1,225,14745600,0.048438,0.589948,8.137239
GPen,2048,backlog,4096,simple,14,13,225,78446592,0.120781,0.526093,14.946302
GPen,2048,backlog,4096,merged,14,1,225,14745600,0.048438,0.502656,8.118021
GPen,2048,backlog,4096,contact,14,13,225,78446592,0.120781,0.504167,33.416978
GPen,2048,backlog,4096,merged,15,1,225,14745600,0.048438,0.593542,8.127031
GPen,2048,backlog,4096,contact,15,13,225,78446592,0.120781,0.512917,33.410155
GPen,2048,backlog,4096,simple,15,13,225,78446592,0.120781,0.610468,14.931458
GPen,2048,backlog,4096,contact,16,13,225,78446592,0.120781,0.518542,33.408124
GPen,2048,backlog,4096,simple,16,13,225,78446592,0.120781,0.599271,14.941302
GPen,2048,backlog,4096,merged,16,1,225,14745600,0.048438,0.500104,8.133125
GPen,2048,backlog,4096,simple,17,13,225,78446592,0.120781,0.495365,14.936406
GPen,2048,backlog,4096,merged,17,1,225,14745600,0.048438,0.492864,8.178073
GPen,2048,backlog,4096,contact,17,13,225,78446592,0.120781,0.507605,33.444843
GPen,2048,backlog,4096,merged,18,1,225,14745600,0.048438,0.433958,8.171406
GPen,2048,backlog,4096,contact,18,13,225,78446592,0.120781,0.819739,33.413385
GPen,2048,backlog,4096,simple,18,13,225,78446592,0.120781,0.685625,14.956510
GPen,2048,backlog,4096,contact,19,13,225,78446592,0.120781,0.534792,33.421978
GPen,2048,backlog,4096,simple,19,13,225,78446592,0.120781,0.537396,14.933593
GPen,2048,backlog,4096,merged,19,1,225,14745600,0.048438,0.432083,8.122239
GPen,2048,backlog,4096,simple,20,13,225,78446592,0.120781,0.586302,14.942812
GPen,2048,backlog,4096,merged,20,1,225,14745600,0.048438,0.586771,8.121458
GPen,2048,backlog,4096,contact,20,13,225,78446592,0.120781,0.486979,33.418072
GPen,2048,backlog,4096,merged,21,1,225,14745600,0.048438,0.608385,8.128125
GPen,2048,backlog,4096,contact,21,13,225,78446592,0.120781,0.502136,33.410155
GPen,2048,backlog,4096,simple,21,13,225,78446592,0.120781,0.513698,14.931302
GPen,2048,backlog,4096,contact,22,13,225,78446592,0.120781,0.510469,33.404530
GPen,2048,backlog,4096,simple,22,13,225,78446592,0.120781,0.602969,14.937552
GPen,2048,backlog,4096,merged,22,1,225,14745600,0.048438,0.507031,8.136406
GPen,2048,backlog,4096,simple,23,13,225,78446592,0.120781,0.494584,14.943437
GPen,2048,backlog,4096,merged,23,1,225,14745600,0.048438,0.681614,8.133385
GPen,2048,backlog,4096,contact,23,13,225,78446592,0.120781,0.539218,33.408437
GPen,2048,backlog,4096,merged,24,1,225,14745600,0.048438,0.578021,8.137500
GPen,2048,backlog,4096,contact,24,13,225,78446592,0.120781,0.511719,33.410624
GPen,2048,backlog,4096,simple,24,13,225,78446592,0.120781,0.606771,14.935520
GPen,2048,backlog,4096,contact,25,13,225,78446592,0.120781,0.525104,33.417760
GPen,2048,backlog,4096,simple,25,13,225,78446592,0.120781,0.505677,14.939218
GPen,2048,backlog,4096,merged,25,1,225,14745600,0.048438,0.509479,8.128958
GPen,2048,backlog,4096,simple,26,13,225,78446592,0.120781,1.954011,14.952656
GPen,2048,backlog,4096,merged,26,1,225,14745600,0.048438,0.608073,8.133177
GPen,2048,backlog,4096,contact,26,13,225,78446592,0.120781,0.475729,33.413645
GPen,2048,backlog,4096,merged,27,1,225,14745600,0.048438,0.580937,8.135573
GPen,2048,backlog,4096,contact,27,13,225,78446592,0.120781,0.698125,33.411041
GPen,2048,backlog,4096,simple,27,13,225,78446592,0.120781,0.621094,14.942656
GPen,2048,backlog,4096,contact,28,13,225,78446592,0.120781,0.506146,33.405051
GPen,2048,backlog,4096,simple,28,13,225,78446592,0.120781,0.607656,14.931250
GPen,2048,backlog,4096,merged,28,1,225,14745600,0.048438,0.500313,8.126041
GPen,2048,backlog,4096,simple,29,13,225,78446592,0.120781,0.954270,14.940260
GPen,2048,backlog,4096,merged,29,1,225,14745600,0.048438,0.511771,8.136354
GPen,2048,backlog,4096,contact,29,13,225,78446592,0.120781,0.949427,33.409947
GPen,2048,backlog,4096,merged,30,1,225,14745600,0.048438,0.842657,8.145469
GPen,2048,backlog,4096,contact,30,13,225,78446592,0.120781,0.510938,33.412603
GPen,2048,backlog,4096,simple,30,13,225,78446592,0.120781,0.507292,14.930312
GPen,2048,backlog,4096,contact,31,13,225,78446592,0.120781,0.756458,33.408697
GPen,2048,backlog,4096,simple,31,13,225,78446592,0.120781,0.803750,14.929375
GPen,2048,backlog,4096,merged,31,1,225,14745600,0.048438,0.565208,8.144739
GPen,2048,backlog,4096,simple,32,13,225,78446592,0.120781,0.632917,14.926927
GPen,2048,backlog,4096,merged,32,1,225,14745600,0.048438,0.520886,8.146562
GPen,2048,backlog,4096,contact,32,13,225,78446592,0.120781,0.506198,33.406614
GPen,2048,backlog,4096,merged,33,1,225,14745600,0.048438,0.506615,8.142708
GPen,2048,backlog,4096,contact,33,13,225,78446592,0.120781,0.512708,33.428958
GPen,2048,backlog,4096,simple,33,13,225,78446592,0.120781,0.822604,14.948541
GPen,2048,backlog,4096,contact,34,13,225,78446592,0.120781,0.553541,33.421301
GPen,2048,backlog,4096,simple,34,13,225,78446592,0.120781,0.624948,14.939791
GPen,2048,backlog,4096,merged,34,1,225,14745600,0.048438,0.526510,8.141875
GPen,2048,backlog,4096,simple,35,13,225,78446592,0.120781,0.553177,14.930989
GPen,2048,backlog,4096,merged,35,1,225,14745600,0.048438,0.586042,8.121354
GPen,2048,backlog,4096,contact,35,13,225,78446592,0.120781,0.508697,33.412447
GPen,2048,backlog,4096,merged,36,1,225,14745600,0.048438,0.587657,8.128021
GPen,2048,backlog,4096,contact,36,13,225,78446592,0.120781,0.504948,33.416249
GPen,2048,backlog,4096,simple,36,13,225,78446592,0.120781,0.505677,14.927968
GPen,2048,backlog,4096,contact,37,13,225,78446592,0.120781,0.913490,33.404478
GPen,2048,backlog,4096,simple,37,13,225,78446592,0.120781,0.602083,14.940312
GPen,2048,backlog,4096,merged,37,1,225,14745600,0.048438,0.520104,8.137812
GPen,2048,backlog,4096,simple,38,13,225,78446592,0.120781,0.499427,14.946354
GPen,2048,backlog,4096,merged,38,1,225,14745600,0.048438,0.698021,8.120364
GPen,2048,backlog,4096,contact,38,13,225,78446592,0.120781,0.506510,33.415364
GPen,2048,backlog,4096,merged,39,1,225,14745600,0.048438,0.579479,8.139219
GPen,2048,backlog,4096,contact,39,13,225,78446592,0.120781,0.522916,33.407187
GPen,2048,backlog,4096,simple,39,13,225,78446592,0.120781,0.607135,14.932812
GPen,2048,backlog,4096,contact,40,13,225,78446592,0.120781,0.638333,33.402135
GPen,2048,backlog,4096,simple,40,13,225,78446592,0.120781,0.497865,14.932552
GPen,2048,backlog,4096,merged,40,1,225,14745600,0.048438,0.520052,8.128229
GPen,2048,backlog,4096,simple,41,13,225,78446592,0.120781,0.701771,14.926927
GPen,2048,backlog,4096,merged,41,1,225,14745600,0.048438,0.862708,8.135208
GPen,2048,backlog,4096,contact,41,13,225,78446592,0.120781,0.520261,33.401666
GPen,2048,backlog,4096,merged,42,1,225,14745600,0.048438,0.583490,8.136510
GPen,2048,backlog,4096,contact,42,13,225,78446592,0.120781,0.510625,33.416405
GPen,2048,backlog,4096,simple,42,13,225,78446592,0.120781,0.699635,14.928385
GPen,2048,backlog,4096,contact,43,13,225,78446592,0.120781,0.513438,33.411718
GPen,2048,backlog,4096,simple,43,13,225,78446592,0.120781,0.604063,14.946562
GPen,2048,backlog,4096,merged,43,1,225,14745600,0.048438,0.603385,8.139531
GPen,2048,backlog,4096,simple,44,13,225,78446592,0.120781,0.586979,14.938698
GPen,2048,backlog,4096,merged,44,1,225,14745600,0.048438,0.516145,8.125000
GPen,2048,backlog,4096,contact,44,13,225,78446592,0.120781,0.493906,33.411822
GPen,2048,backlog,4096,merged,45,1,225,14745600,0.048438,0.567292,8.135937
GPen,2048,backlog,4096,contact,45,13,225,78446592,0.120781,0.521198,33.411145
GPen,2048,backlog,4096,simple,45,13,225,78446592,0.120781,0.613437,14.936875
GPen,2048,backlog,4096,contact,46,13,225,78446592,0.120781,0.701511,33.409322
GPen,2048,backlog,4096,simple,46,13,225,78446592,0.120781,0.499063,14.930520
GPen,2048,backlog,4096,merged,46,1,225,14745600,0.048438,0.517083,8.155729
GPen,2048,backlog,4096,simple,47,13,225,78446592,0.120781,0.509219,14.935364
GPen,2048,backlog,4096,merged,47,1,225,14745600,0.048438,0.587916,8.121041
GPen,2048,backlog,4096,contact,47,13,225,78446592,0.120781,0.512448,33.411874
GPen,2048,backlog,4096,merged,48,1,225,14745600,0.048438,0.605261,8.144271
GPen,2048,backlog,4096,contact,48,13,225,78446592,0.120781,0.677761,33.411353
GPen,2048,backlog,4096,simple,48,13,225,78446592,0.120781,0.849115,14.936302
GPen,2048,backlog,4096,contact,49,13,225,78446592,0.120781,0.524062,33.407708
GPen,2048,backlog,4096,simple,49,13,225,78446592,0.120781,0.601875,14.948645
GPen,2048,backlog,4096,merged,49,1,225,14745600,0.048438,0.508438,8.142239
GPen,2048,curve,512,merged,0,2,99,11796480,0.061510,0.835990,10.835312
GPen,2048,curve,512,contact,0,3,99,17104896,0.074063,0.220677,32.293176
GPen,2048,curve,512,simple,0,3,99,17104896,0.074063,0.192239,14.315833
GPen,2048,curve,512,contact,1,3,99,17104896,0.074063,0.222396,32.431770
GPen,2048,curve,512,simple,1,3,99,17104896,0.074063,0.580677,14.265208
GPen,2048,curve,512,merged,1,2,99,11796480,0.061510,1.061979,11.282396
GPen,2048,curve,512,simple,2,3,99,17104896,0.074063,0.599687,14.277083
GPen,2048,curve,512,merged,2,2,99,11796480,0.061510,0.512135,10.855260
GPen,2048,curve,512,contact,2,3,99,17104896,0.074063,0.573646,33.548593
GPen,2048,curve,512,merged,3,2,99,11796480,0.061510,0.622188,10.822708
GPen,2048,curve,512,contact,3,3,99,17104896,0.074063,0.530260,32.370728
GPen,2048,curve,512,simple,3,3,99,17104896,0.074063,0.634323,10.116875
GPen,2048,curve,512,contact,4,3,99,17104896,0.074063,0.378229,23.526458
GPen,2048,curve,512,simple,4,3,99,17104896,0.074063,0.961927,10.115416
GPen,2048,curve,512,merged,4,2,99,11796480,0.061510,0.374740,8.158541
GPen,2048,curve,512,simple,5,3,99,17104896,0.074063,0.877969,10.273281
GPen,2048,curve,512,merged,5,2,99,11796480,0.061510,0.513802,8.132031
GPen,2048,curve,512,contact,5,3,99,17104896,0.074063,0.826927,23.569791
GPen,2048,curve,512,merged,6,2,99,11796480,0.061510,0.843490,9.038958
GPen,2048,curve,512,contact,6,3,99,17104896,0.074063,0.517604,24.067135
GPen,2048,curve,512,simple,6,3,99,17104896,0.074063,0.506146,10.937968
GPen,2048,curve,512,contact,7,3,99,17104896,0.074063,0.581771,23.938072
GPen,2048,curve,512,simple,7,3,99,17104896,0.074063,0.323438,11.166562
GPen,2048,curve,512,merged,7,2,99,11796480,0.061510,0.582344,9.061146
GPen,2048,curve,512,simple,8,3,99,17104896,0.074063,0.780782,11.413177
GPen,2048,curve,512,merged,8,2,99,11796480,0.061510,0.729115,8.668229
GPen,2048,curve,512,contact,8,3,99,17104896,0.074063,0.493438,23.626562
GPen,2048,curve,512,merged,9,2,99,11796480,0.061510,0.439219,8.851406
GPen,2048,curve,512,contact,9,3,99,17104896,0.074063,0.606302,23.557083
GPen,2048,curve,512,simple,9,3,99,17104896,0.074063,0.556250,10.120208
GPen,2048,curve,512,contact,10,3,99,17104896,0.074063,0.532657,16.905520
GPen,2048,curve,512,simple,10,3,99,17104896,0.074063,0.805312,7.668646
GPen,2048,curve,512,merged,10,2,99,11796480,0.061510,0.572240,6.090521
GPen,2048,curve,512,simple,11,3,99,17104896,0.074063,0.432292,7.659896
GPen,2048,curve,512,merged,11,2,99,11796480,0.061510,0.443959,6.087135
GPen,2048,curve,512,contact,11,3,99,17104896,0.074063,0.505885,16.903437
GPen,2048,curve,512,merged,12,2,99,11796480,0.061510,0.517187,6.075000
GPen,2048,curve,512,contact,12,3,99,17104896,0.074063,0.539010,16.915260
GPen,2048,curve,512,simple,12,3,99,17104896,0.074063,0.486198,7.906927
GPen,2048,curve,512,contact,13,3,99,17104896,0.074063,0.520782,16.984427
GPen,2048,curve,512,simple,13,3,99,17104896,0.074063,0.541979,7.918698
GPen,2048,curve,512,merged,13,2,99,11796480,0.061510,0.521667,6.471875
GPen,2048,curve,512,simple,14,3,99,17104896,0.074063,1.027761,8.174479
GPen,2048,curve,512,merged,14,2,99,11796480,0.061510,0.618437,6.531510
GPen,2048,curve,512,contact,14,3,99,17104896,0.074063,0.574063,16.995364
GPen,2048,curve,512,merged,15,2,99,11796480,0.061510,0.541094,6.188542
GPen,2048,curve,512,contact,15,3,99,17104896,0.074063,0.503490,16.904583
GPen,2048,curve,512,simple,15,3,99,17104896,0.074063,0.653281,7.664583
GPen,2048,curve,512,contact,16,3,99,17104896,0.074063,0.586719,16.973541
GPen,2048,curve,512,simple,16,3,99,17104896,0.074063,0.522864,7.900677
GPen,2048,curve,512,merged,16,2,99,11796480,0.061510,2.331771,6.457448
GPen,2048,curve,512,simple,17,3,99,17104896,0.074063,0.524739,7.902552
GPen,2048,curve,512,merged,17,2,99,11796480,0.061510,0.568333,6.434583
GPen,2048,curve,512,contact,17,3,99,17104896,0.074063,0.524011,16.976510
GPen,2048,curve,512,merged,18,2,99,11796480,0.061510,0.526771,6.435052
GPen,2048,curve,512,contact,18,3,99,17104896,0.074063,0.636510,16.973750
GPen,2048,curve,512,simple,18,3,99,17104896,0.074063,0.717240,7.999062
GPen,2048,curve,512,contact,19,3,99,17104896,0.074063,0.589896,16.969687
GPen,2048,curve,512,simple,19,3,99,17104896,0.074063,0.629062,7.670312
GPen,2048,curve,512,merged,19,2,99,11796480,0.061510,0.511302,6.115052
GPen,2048,curve,512,simple,20,3,99,17104896,0.074063,0.451146,7.678177
GPen,2048,curve,512,merged,20,2,99,11796480,0.061510,0.441510,6.111875
GPen,2048,curve,512,contact,20,3,99,17104896,0.074063,0.508854,16.912656
GPen,2048,curve,512,merged,21,2,99,11796480,0.061510,0.521614,6.118698
GPen,2048,curve,512,contact,21,3,99,17104896,0.074063,0.471875,16.914427
GPen,2048,curve,512,simple,21,3,99,17104896,0.074063,0.535208,7.674375
GPen,2048,curve,512,contact,22,3,99,17104896,0.074063,0.553073,16.915520
GPen,2048,curve,512,simple,22,3,99,17104896,0.074063,0.569167,7.672604
GPen,2048,curve,512,merged,22,2,99,11796480,0.061510,0.755104,6.107239
GPen,2048,curve,512,simple,23,3,99,17104896,0.074063,0.485625,7.681094
GPen,2048,curve,512,merged,23,2,99,11796480,0.061510,0.461927,6.110989
GPen,2048,curve,512,contact,23,3,99,17104896,0.074063,0.531406,16.978802
GPen,2048,curve,512,merged,24,2,99,11796480,0.061510,0.579271,6.436667
GPen,2048,curve,512,contact,24,3,99,17104896,0.074063,0.503125,16.980104
GPen,2048,curve,512,simple,24,3,99,17104896,0.074063,0.515886,7.714791
GPen,2048,curve,512,contact,25,3,99,17104896,0.074063,0.585886,16.939270
GPen,2048,curve,512,simple,25,3,99,17104896,0.074063,0.595729,7.903698
GPen,2048,curve,512,merged,25,2,99,11796480,0.061510,0.578125,6.437239
GPen,2048,curve,512,simple,26,3,99,17104896,0.074063,0.532448,7.901875
GPen,2048,curve,512,merged,26,2,99,11796480,0.061510,0.532084,6.418750
GPen,2048,curve,512,contact,26,3,99,17104896,0.074063,0.500677,16.976770
GPen,2048,curve,512,merged,27,2,99,11796480,0.061510,0.613437,6.100156
GPen,2048,curve,512,contact,27,3,99,17104896,0.074063,0.591510,16.934635
GPen,2048,curve,512,simple,27,3,99,17104896,0.074063,0.540625,7.897239
GPen,2048,curve,512,contact,28,3,99,17104896,0.074063,0.973333,16.975677
GPen,2048,curve,512,simple,28,3,99,17104896,0.074063,0.546563,7.904427
GPen,2048,curve,512,merged,28,2,99,11796480,0.061510,0.519844,6.440989
GPen,2048,curve,512,simple,29,3,99,17104896,0.074063,0.514375,7.896927
GPen,2048,curve,512,merged,29,2,99,11796480,0.061510,1.005052,6.438854
GPen,2048,curve,512,contact,29,3,99,17104896,0.074063,0.569791,16.976198
GPen,2048,curve,512,merged,30,2,99,11796480,0.061510,0.519011,6.167552
GPen,2048,curve,512,contact,30,3,99,17104896,0.074063,0.614688,16.972239
GPen,2048,curve,512,simple,30,3,99,17104896,0.074063,0.519948,7.907552
GPen,2048,curve,512,contact,31,3,99,17104896,0.074063,0.619791,16.968854
GPen,2048,curve,512,simple,31,3,99,17104896,0.074063,0.526354,7.897552
GPen,2048,curve,512,merged,31,2,99,11796480,0.061510,0.787240,6.431719
GPen,2048,curve,512,simple,32,3,99,17104896,0.074063,0.509792,7.907500
GPen,2048,curve,512,merged,32,2,99,11796480,0.061510,0.526354,6.437812
GPen,2048,curve,512,contact,32,3,99,17104896,0.074063,0.714844,16.971250
GPen,2048,curve,512,merged,33,2,99,11796480,0.061510,0.603750,6.429531
GPen,2048,curve,512,contact,33,3,99,17104896,0.074063,0.471511,16.974479
GPen,2048,curve,512,simple,33,3,99,17104896,0.074063,0.523073,7.907656
GPen,2048,curve,512,contact,34,3,99,17104896,0.074063,0.514115,16.978177
GPen,2048,curve,512,simple,34,3,99,17104896,0.074063,0.566094,7.680208
GPen,2048,curve,512,merged,34,2,99,11796480,0.061510,0.557813,6.103542
GPen,2048,curve,512,simple,35,3,99,17104896,0.074063,0.426198,7.680781
GPen,2048,curve,512,merged,35,2,99,11796480,0.061510,0.467291,6.126979
GPen,2048,curve,512,contact,35,3,99,17104896,0.074063,0.437448,16.909531
GPen,2048,curve,512,merged,36,2,99,11796480,0.061510,0.565990,6.112344
GPen,2048,curve,512,contact,36,3,99,17104896,0.074063,0.638854,16.913177
GPen,2048,curve,512,simple,36,3,99,17104896,0.074063,0.543906,7.684271
GPen,2048,curve,512,contact,37,3,99,17104896,0.074063,0.524792,16.915468
GPen,2048,curve,512,simple,37,3,99,17104896,0.074063,0.608021,7.675781
GPen,2048,curve,512,merged,37,2,99,11796480,0.061510,0.440886,6.361042
GPen,2048,curve,512,simple,38,3,99,17104896,0.074063,0.478281,7.815052
GPen,2048,curve,512,merged,38,2,99,11796480,0.061510,0.437917,6.356771
GPen,2048,curve,512,contact,38,3,99,17104896,0.074063,0.425156,16.968854
GPen,2048,curve,512,merged,39,2,99,11796480,0.061510,0.536407,6.432448
GPen,2048,curve,512,contact,39,3,99,17104896,0.074063,0.566979,16.972916
GPen,2048,curve,512,simple,39,3,99,17104896,0.074063,0.524219,7.965312
GPen,2048,curve,512,contact,40,3,99,17104896,0.074063,0.722239,16.933489
GPen,2048,curve,512,simple,40,3,99,17104896,0.074063,0.569740,7.677083
GPen,2048,curve,512,merged,40,2,99,11796480,0.061510,0.358490,6.090000
GPen,2048,curve,512,simple,41,3,99,17104896,0.074063,0.490573,7.911041
GPen,2048,curve,512,merged,41,2,99,11796480,0.061510,0.700781,6.475833
GPen,2048,curve,512,contact,41,3,99,17104896,0.074063,0.575677,16.974531
GPen,2048,curve,512,merged,42,2,99,11796480,0.061510,0.577813,6.439062
GPen,2048,curve,512,contact,42,3,99,17104896,0.074063,0.588437,16.975729
GPen,2048,curve,512,simple,42,3,99,17104896,0.074063,0.531302,7.908021
GPen,2048,curve,512,contact,43,3,99,17104896,0.074063,0.660260,16.970937
GPen,2048,curve,512,simple,43,3,99,17104896,0.074063,0.486250,7.901719
GPen,2048,curve,512,merged,43,2,99,11796480,0.061510,0.540937,6.440364
GPen,2048,curve,512,simple,44,3,99,17104896,0.074063,0.633125,7.910156
GPen,2048,curve,512,merged,44,2,99,11796480,0.061510,0.572136,6.428698
GPen,2048,curve,512,contact,44,3,99,17104896,0.074063,0.569427,16.974948
GPen,2048,curve,512,merged,45,2,99,11796480,0.061510,0.795989,6.434739
GPen,2048,curve,512,contact,45,3,99,17104896,0.074063,0.612136,16.974687
GPen,2048,curve,512,simple,45,3,99,17104896,0.074063,0.533542,7.897291
GPen,2048,curve,512,contact,46,3,99,17104896,0.074063,0.526771,16.972760
GPen,2048,curve,512,simple,46,3,99,17104896,0.074063,0.563282,7.731979
GPen,2048,curve,512,merged,46,2,99,11796480,0.061510,0.792916,6.372604
GPen,2048,curve,512,simple,47,3,99,17104896,0.074063,0.710938,7.903177
GPen,2048,curve,512,merged,47,2,99,11796480,0.061510,0.551666,6.436510
GPen,2048,curve,512,contact,47,3,99,17104896,0.074063,0.493854,16.980781
GPen,2048,curve,512,merged,48,2,99,11796480,0.061510,0.686458,6.415729
GPen,2048,curve,512,contact,48,3,99,17104896,0.074063,0.766979,16.975781
GPen,2048,curve,512,simple,48,3,99,17104896,0.074063,0.526510,7.902500
GPen,2048,curve,512,contact,49,3,99,17104896,0.074063,0.519218,16.984114
GPen,2048,curve,512,simple,49,3,99,17104896,0.074063,0.880156,7.903854
GPen,2048,curve,512,merged,49,2,99,11796480,0.061510,0.552448,6.444010
GPen,2048,straight,512,merged,0,1,99,6488064,0.050938,0.744270,8.807448
GPen,2048,straight,512,contact,0,3,99,17104896,0.082656,0.216146,32.684947
GPen,2048,straight,512,simple,0,3,99,17104896,0.082656,0.207865,12.884948
GPen,2048,straight,512,contact,1,3,99,17104896,0.082656,0.212968,32.472864
GPen,2048,straight,512,simple,1,3,99,17104896,0.082656,0.430781,14.259479
GPen,2048,straight,512,merged,1,1,99,6488064,0.050938,0.549219,8.814375
GPen,2048,straight,512,simple,2,3,99,17104896,0.082656,0.662344,14.010104
GPen,2048,straight,512,merged,2,1,99,6488064,0.050938,0.644323,9.010260
GPen,2048,straight,512,contact,2,3,99,17104896,0.082656,0.543177,32.645312
GPen,2048,straight,512,merged,3,1,99,6488064,0.050938,0.852239,9.009479
GPen,2048,straight,512,contact,3,3,99,17104896,0.082656,0.530782,32.661405
GPen,2048,straight,512,simple,3,3,99,17104896,0.082656,0.627656,14.285885
GPen,2048,straight,512,contact,4,3,99,17104896,0.082656,0.393073,32.490833
GPen,2048,straight,512,simple,4,3,99,17104896,0.082656,0.807031,14.301875
GPen,2048,straight,512,merged,4,1,99,6488064,0.050938,0.468906,9.094791
GPen,2048,straight,512,simple,5,3,99,17104896,0.082656,0.705365,14.260625
GPen,2048,straight,512,merged,5,1,99,6488064,0.050938,0.427552,9.091666
GPen,2048,straight,512,contact,5,3,99,17104896,0.082656,0.842865,32.674583
GPen,2048,straight,512,merged,6,1,99,6488064,0.050938,0.212813,9.864427
GPen,2048,straight,512,contact,6,3,99,17104896,0.082656,0.240729,32.355885
GPen,2048,straight,512,simple,6,3,99,17104896,0.082656,0.456094,13.721770
GPen,2048,straight,512,contact,7,3,99,17104896,0.082656,0.540781,32.690780
GPen,2048,straight,512,simple,7,3,99,17104896,0.082656,0.705573,10.120729
GPen,2048,straight,512,merged,7,1,99,6488064,0.050938,0.389167,6.301406
GPen,2048,straight,512,simple,8,3,99,17104896,0.082656,0.606927,10.128177
GPen,2048,straight,512,merged,8,1,99,6488064,0.050938,0.424375,6.629896
GPen,2048,straight,512,contact,8,3,99,17104896,0.082656,0.479375,23.556093
GPen,2048,straight,512,merged,9,1,99,6488064,0.050938,0.643802,6.548802
GPen,2048,straight,512,contact,9,3,99,17104896,0.082656,0.552395,23.570729
GPen,2048,straight,512,simple,9,3,99,17104896,0.082656,0.673073,11.134843
GPen,2048,straight,512,contact,10,3,99,17104896,0.082656,0.563959,24.058020
GPen,2048,straight,512,simple,10,3,99,17104896,0.082656,0.798386,11.134635
GPen,2048,straight,512,merged,10,1,99,6488064,0.050938,0.605781,7.348750
GPen,2048,straight,512,simple,11,3,99,17104896,0.082656,0.565052,10.489687
GPen,2048,straight,512,merged,11,1,99,6488064,0.050938,0.567396,7.350989
GPen,2048,straight,512,contact,11,3,99,17104896,0.082656,0.800000,24.055676
GPen,2048,straight,512,merged,12,1,99,6488064,0.050938,0.540990,6.274635
GPen,2048,straight,512,contact,12,3,99,17104896,0.082656,0.559219,23.937812
GPen,2048,straight,512,simple,12,3,99,17104896,0.082656,0.534062,10.441406
GPen,2048,straight,512,contact,13,3,99,17104896,0.082656,0.532344,24.046249
GPen,2048,straight,512,simple,13,3,99,17104896,0.082656,0.503281,11.130104
GPen,2048,straight,512,merged,13,1,99,6488064,0.050938,0.548489,7.382448
GPen,2048,straight,512,simple,14,3,99,17104896,0.082656,0.556250,11.127500
GPen,2048,straight,512,merged,14,1,99,6488064,0.050938,0.537969,7.337083
GPen,2048,straight,512,contact,14,3,99,17104896,0.082656,0.557447,24.057968
GPen,2048,straight,512,merged,15,1,99,6488064,0.050938,0.525573,7.342031
GPen,2048,straight,512,contact,15,3,99,17104896,0.082656,0.559948,24.038854
GPen,2048,straight,512,simple,15,3,99,17104896,0.082656,0.527292,10.964948
GPen,2048,straight,512,contact,16,3,99,17104896,0.082656,0.603750,23.704739
GPen,2048,straight,512,simple,16,3,99,17104896,0.082656,0.864270,7.654219
GPen,2048,straight,512,merged,16,1,99,6488064,0.050938,0.588073,4.887500
GPen,2048,straight,512,simple,17,3,99,17104896,0.082656,0.574844,7.663385
GPen,2048,straight,512,merged,17,1,99,6488064,0.050938,0.488333,4.811146
GPen,2048,straight,512,contact,17,3,99,17104896,0.082656,0.463802,16.886666
GPen,2048,straight,512,merged,18,1,99,6488064,0.050938,0.495937,4.851302
GPen,2048,straight,512,contact,18,3,99,17104896,0.082656,0.559479,16.913177
GPen,2048,straight,512,simple,18,3,99,17104896,0.082656,0.517552,7.657031
GPen,2048,straight,512,contact,19,3,99,17104896,0.082656,0.640209,16.919739
GPen,2048,straight,512,simple,19,3,99,17104896,0.082656,0.523177,7.897291
GPen,2048,straight,512,merged,19,1,99,6488064,0.050938,0.524271,5.243125
GPen,2048,straight,512,simple,20,3,99,17104896,0.082656,0.516042,7.896771
GPen,2048,straight,512,merged,20,1,99,6488064,0.050938,0.514584,5.267135
GPen,2048,straight,512,contact,20,3,99,17104896,0.082656,0.515469,16.975937
GPen,2048,straight,512,merged,21,1,99,6488064,0.050938,0.621667,5.271771
GPen,2048,straight,512,contact,21,3,99,17104896,0.082656,1.027240,16.977135
GPen,2048,straight,512,simple,21,3,99,17104896,0.082656,0.717344,7.902812
GPen,2048,straight,512,contact,22,3,99,17104896,0.082656,0.519687,16.979843
GPen,2048,straight,512,simple,22,3,99,17104896,0.082656,0.522813,7.899687
GPen,2048,straight,512,merged,22,1,99,6488064,0.050938,0.540312,5.261302
GPen,2048,straight,512,simple,23,3,99,17104896,0.082656,0.715886,7.896250
GPen,2048,straight,512,merged,23,1,99,6488064,0.050938,0.528646,5.239948
GPen,2048,straight,512,contact,23,3,99,17104896,0.082656,0.523437,16.980625
GPen,2048,straight,512,merged,24,1,99,6488064,0.050938,1.060781,5.261354
GPen,2048,straight,512,contact,24,3,99,17104896,0.082656,0.594844,16.979218
GPen,2048,straight,512,simple,24,3,99,17104896,0.082656,0.643906,7.908489
GPen,2048,straight,512,contact,25,3,99,17104896,0.082656,0.513958,16.983333
GPen,2048,straight,512,simple,25,3,99,17104896,0.082656,0.838125,7.906927
GPen,2048,straight,512,merged,25,1,99,6488064,0.050938,0.540781,5.268125
GPen,2048,straight,512,simple,26,3,99,17104896,0.082656,0.521979,7.912187
GPen,2048,straight,512,merged,26,1,99,6488064,0.050938,0.539948,5.264427
GPen,2048,straight,512,contact,26,3,99,17104896,0.082656,0.531927,16.982031
GPen,2048,straight,512,merged,27,1,99,6488064,0.050938,0.590625,5.277812
GPen,2048,straight,512,contact,27,3,99,17104896,0.082656,0.502917,16.983125
GPen,2048,straight,512,simple,27,3,99,17104896,0.082656,0.542917,7.895573
GPen,2048,straight,512,contact,28,3,99,17104896,0.082656,0.519375,16.978698
GPen,2048,straight,512,simple,28,3,99,17104896,0.082656,0.835885,7.893698
GPen,2048,straight,512,merged,28,1,99,6488064,0.050938,0.722604,5.266354
GPen,2048,straight,512,simple,29,3,99,17104896,0.082656,0.520417,7.893333
GPen,2048,straight,512,merged,29,1,99,6488064,0.050938,0.803333,5.264323
GPen,2048,straight,512,contact,29,3,99,17104896,0.082656,0.517969,16.979739
GPen,2048,straight,512,merged,30,1,99,6488064,0.050938,0.525208,5.277708
GPen,2048,straight,512,contact,30,3,99,17104896,0.082656,0.505469,16.977135
GPen,2048,straight,512,simple,30,3,99,17104896,0.082656,0.508802,7.902083
GPen,2048,straight,512,contact,31,3,99,17104896,0.082656,0.521042,16.930833
GPen,2048,straight,512,simple,31,3,99,17104896,0.082656,0.518854,7.831771
GPen,2048,straight,512,merged,31,1,99,6488064,0.050938,0.809219,5.256875
GPen,2048,straight,512,simple,32,3,99,17104896,0.082656,0.614739,7.894948
GPen,2048,straight,512,merged,32,1,99,6488064,0.050938,0.518437,5.267708
GPen,2048,straight,512,contact,32,3,99,17104896,0.082656,0.519687,16.991770
GPen,2048,straight,512,merged,33,1,99,6488064,0.050938,0.781145,5.256771
GPen,2048,straight,512,contact,33,3,99,17104896,0.082656,0.618541,16.985625
GPen,2048,straight,512,simple,33,3,99,17104896,0.082656,0.615833,7.651771
GPen,2048,straight,512,contact,34,3,99,17104896,0.082656,0.537188,16.972291
GPen,2048,straight,512,simple,34,3,99,17104896,0.082656,1.254687,7.901250
GPen,2048,straight,512,merged,34,1,99,6488064,0.050938,0.672917,5.250677
GPen,2048,straight,512,simple,35,3,99,17104896,0.082656,0.508594,7.894896
GPen,2048,straight,512,merged,35,1,99,6488064,0.050938,0.518854,5.276250
GPen,2048,straight,512,contact,35,3,99,17104896,0.082656,0.510104,16.978020
GPen,2048,straight,512,merged,36,1,99,6488064,0.050938,0.525677,5.282969
GPen,2048,straight,512,contact,36,3,99,17104896,0.082656,0.521823,16.972083
GPen,2048,straight,512,simple,36,3,99,17104896,0.082656,0.520052,7.910104
GPen,2048,straight,512,contact,37,3,99,17104896,0.082656,0.631614,16.975520
GPen,2048,straight,512,simple,37,3,99,17104896,0.082656,0.519427,7.894166
GPen,2048,straight,512,merged,37,1,99,6488064,0.050938,0.516979,5.284583
GPen,2048,straight,512,simple,38,3,99,17104896,0.082656,0.516458,7.897552
GPen,2048,straight,512,merged,38,1,99,6488064,0.050938,0.499584,5.277604
GPen,2048,straight,512,contact,38,3,99,17104896,0.082656,0.504167,16.979479
GPen,2048,straight,512,merged,39,1,99,6488064,0.050938,0.529114,5.258281
GPen,2048,straight,512,contact,39,3,99,17104896,0.082656,0.505104,16.977656
GPen,2048,straight,512,simple,39,3,99,17104896,0.082656,0.527448,7.902656
GPen,2048,straight,512,contact,40,3,99,17104896,0.082656,0.602656,16.986823
GPen,2048,straight,512,simple,40,3,99,17104896,0.082656,0.539375,7.897916
GPen,2048,straight,512,merged,40,1,99,6488064,0.050938,0.537239,5.246771
GPen,2048,straight,512,simple,41,3,99,17104896,0.082656,0.533490,7.899896
GPen,2048,straight,512,merged,41,1,99,6488064,0.050938,0.609063,5.259844
GPen,2048,straight,512,contact,41,3,99,17104896,0.082656,0.472916,16.988437
GPen,2048,straight,512,merged,42,1,99,6488064,0.050938,0.524479,5.031198
GPen,2048,straight,512,contact,42,3,99,17104896,0.082656,0.525678,16.978645
GPen,2048,straight,512,simple,42,3,99,17104896,0.082656,0.525729,7.907083
GPen,2048,straight,512,contact,43,3,99,17104896,0.082656,0.522968,16.975885
GPen,2048,straight,512,simple,43,3,99,17104896,0.082656,0.524948,7.890312
GPen,2048,straight,512,merged,43,1,99,6488064,0.050938,0.523645,5.282500
GPen,2048,straight,512,simple,44,3,99,17104896,0.082656,0.522500,7.901666
GPen,2048,straight,512,merged,44,1,99,6488064,0.050938,0.520729,5.261146
GPen,2048,straight,512,contact,44,3,99,17104896,0.082656,0.520938,16.977343
GPen,2048,straight,512,merged,45,1,99,6488064,0.050938,0.543437,4.863802
GPen,2048,straight,512,contact,45,3,99,17104896,0.082656,0.531718,16.944010
GPen,2048,straight,512,simple,45,3,99,17104896,0.082656,0.559218,7.901666
GPen,2048,straight,512,contact,46,3,99,17104896,0.082656,0.541667,16.976198
GPen,2048,straight,512,simple,46,3,99,17104896,0.082656,0.631823,7.897708
GPen,2048,straight,512,merged,46,1,99,6488064,0.050938,0.730989,5.263281
GPen,2048,straight,512,simple,47,3,99,17104896,0.082656,0.517136,7.900625
GPen,2048,straight,512,merged,47,1,99,6488064,0.050938,0.516198,5.271042
GPen,2048,straight,512,contact,47,3,99,17104896,0.082656,0.518229,16.966145
GPen,2048,straight,512,merged,48,1,99,6488064,0.050938,0.788750,5.260364
GPen,2048,straight,512,contact,48,3,99,17104896,0.082656,0.547344,16.981823
GPen,2048,straight,512,simple,48,3,99,17104896,0.082656,0.516979,7.906094
GPen,2048,straight,512,contact,49,3,99,17104896,0.082656,0.751146,16.987500
GPen,2048,straight,512,simple,49,3,99,17104896,0.082656,0.528698,7.904479
GPen,2048,straight,512,merged,49,1,99,6488064,0.050938,0.530469,5.249375
GPen,256,curve,512,merged,0,13,8,3670016,0.069792,0.398802,1.275521
GPen,256,curve,512,contact,0,14,8,3932160,0.093490,0.465469,2.783385
GPen,256,curve,512,simple,0,14,8,3932160,0.093490,0.481355,1.371510
GPen,256,curve,512,contact,1,14,8,3932160,0.093490,0.270938,2.759583
GPen,256,curve,512,simple,1,14,8,3932160,0.093490,0.159323,1.310417
GPen,256,curve,512,merged,1,13,8,3670016,0.069792,0.138907,1.242708
GPen,256,curve,512,simple,2,14,8,3932160,0.093490,0.341041,1.365260
GPen,256,curve,512,merged,2,13,8,3670016,0.069792,0.416614,1.276042
GPen,256,curve,512,contact,2,14,8,3932160,0.093490,0.417500,2.772187
GPen,256,curve,512,merged,3,13,8,3670016,0.069792,0.563802,1.279375
GPen,256,curve,512,contact,3,14,8,3932160,0.093490,0.654115,2.771875
GPen,256,curve,512,simple,3,14,8,3932160,0.093490,0.446771,1.355260
GPen,256,curve,512,contact,4,14,8,3932160,0.093490,0.488906,2.776146
GPen,256,curve,512,simple,4,14,8,3932160,0.093490,0.458385,1.356042
GPen,256,curve,512,merged,4,13,8,3670016,0.069792,0.474531,1.276562
GPen,256,curve,512,simple,5,14,8,3932160,0.093490,0.472656,1.352031
GPen,256,curve,512,merged,5,13,8,3670016,0.069792,0.409687,1.274948
GPen,256,curve,512,contact,5,14,8,3932160,0.093490,0.393334,2.778594
GPen,256,curve,512,merged,6,13,8,3670016,0.069792,0.401979,1.275365
GPen,256,curve,512,contact,6,14,8,3932160,0.093490,0.499115,2.767917
GPen,256,curve,512,simple,6,14,8,3932160,0.093490,0.479688,1.351823
GPen,256,curve,512,contact,7,14,8,3932160,0.093490,0.389480,2.770990
GPen,256,curve,512,simple,7,14,8,3932160,0.093490,0.449063,1.353490
GPen,256,curve,512,merged,7,13,8,3670016,0.069792,0.388907,1.276979
GPen,256,curve,512,simple,8,14,8,3932160,0.093490,0.884531,1.350052
GPen,256,curve,512,merged,8,13,8,3670016,0.069792,0.396822,1.276719
GPen,256,curve,512,contact,8,14,8,3932160,0.093490,0.401771,2.770521
GPen,256,curve,512,merged,9,13,8,3670016,0.069792,0.382656,1.274479
GPen,256,curve,512,contact,9,14,8,3932160,0.093490,0.369844,2.769375
GPen,256,curve,512,simple,9,14,8,3932160,0.093490,0.390938,1.351042
GPen,256,curve,512,contact,10,14,8,3932160,0.093490,0.398072,2.772448
GPen,256,curve,512,simple,10,14,8,3932160,0.093490,0.396250,1.350573
GPen,256,curve,512,merged,10,13,8,3670016,0.069792,0.405104,1.274635
GPen,256,curve,512,simple,11,14,8,3932160,0.093490,0.407604,1.352344
GPen,256,curve,512,merged,11,13,8,3670016,0.069792,0.382813,1.273385
GPen,256,curve,512,contact,11,14,8,3932160,0.093490,0.473437,2.771719
GPen,256,curve,512,merged,12,13,8,3670016,0.069792,0.381510,1.277448
GPen,256,curve,512,contact,12,14,8,3932160,0.093490,0.401615,2.778177
GPen,256,curve,512,simple,12,14,8,3932160,0.093490,0.391510,1.352083
GPen,256,curve,512,contact,13,14,8,3932160,0.093490,0.374740,2.769687
GPen,256,curve,512,simple,13,14,8,3932160,0.093490,0.376094,1.353073
GPen,256,curve,512,merged,13,13,8,3670016,0.069792,0.378177,1.274896
GPen,256,curve,512,simple,14,14,8,3932160,0.093490,0.554167,1.352812
GPen,256,curve,512,merged,14,13,8,3670016,0.069792,0.393698,1.278490
GPen,256,curve,512,contact,14,14,8,3932160,0.093490,0.377865,2.774687
GPen,256,curve,512,merged,15,13,8,3670016,0.069792,0.386875,1.277031
GPen,256,curve,512,contact,15,14,8,3932160,0.093490,0.405521,2.777292
GPen,256,curve,512,simple,15,14,8,3932160,0.093490,0.395521,1.349896
GPen,256,curve,512,contact,16,14,8,3932160,0.093490,0.481302,2.774271
GPen,256,curve,512,simple,16,14,8,3932160,0.093490,0.395052,1.350000
GPen,256,curve,512,merged,16,13,8,3670016,0.069792,0.394531,1.275312
GPen,256,curve,512,simple,17,14,8,3932160,0.093490,0.401406,1.350833
GPen,256,curve,512,merged,17,13,8,3670016,0.069792,0.458438,1.273125
GPen,256,curve,512,contact,17,14,8,3932160,0.093490,0.395573,2.775885
GPen,256,curve,512,merged,18,13,8,3670016,0.069792,0.394219,1.275104
GPen,256,curve,512,contact,18,14,8,3932160,0.093490,0.378281,2.773385
GPen,256,curve,512,simple,18,14,8,3932160,0.093490,0.395990,1.348698
GPen,256,curve,512,contact,19,14,8,3932160,0.093490,0.381302,2.769635
GPen,256,curve,512,simple,19,14,8,3932160,0.093490,0.384219,1.351719
GPen,256,curve,512,merged,19,13,8,3670016,0.069792,0.390677,1.273437
GPen,256,curve,512,simple,20,14,8,3932160,0.093490,0.676562,1.354062
GPen,256,curve,512,merged,20,13,8,3670016,0.069792,0.396302,1.273698
GPen,256,curve,512,contact,20,14,8,3932160,0.093490,0.389427,2.771823
GPen,256,curve,512,merged,21,13,8,3670016,0.069792,0.392708,1.274948
GPen,256,curve,512,contact,21,14,8,3932160,0.093490,0.485938,2.775365
GPen,256,curve,512,simple,21,14,8,3932160,0.093490,0.478073,1.350573
GPen,256,curve,512,contact,22,14,8,3932160,0.093490,0.405625,2.774323
GPen,256,curve,512,simple,22,14,8,3932160,0.093490,0.400208,1.351875
GPen,256,curve,512,merged,22,13,8,3670016,0.069792,0.380625,1.274323
GPen,256,curve,512,simple,23,14,8,3932160,0.093490,0.379635,1.352604
GPen,256,curve,512,merged,23,13,8,3670016,0.069792,0.383594,1.274583
GPen,256,curve,512,contact,23,14,8,3932160,0.093490,0.385885,2.774583
GPen,256,curve,512,merged,24,13,8,3670016,0.069792,0.389011,1.275156
GPen,256,curve,512,contact,24,14,8,3932160,0.093490,0.388490,2.767969
GPen,256,curve,512,simple,24,14,8,3932160,0.093490,0.381094,1.352344
GPen,256,curve,512,contact,25,14,8,3932160,0.093490,0.387708,2.773281
GPen,256,curve,512,simple,25,14,8,3932160,0.093490,0.396042,1.350833
GPen,256,curve,512,merged,25,13,8,3670016,0.069792,0.396302,1.276042
GPen,256,curve,512,simple,26,14,8,3932160,0.093490,0.393386,1.349010
GPen,256,curve,512,merged,26,13,8,3670016,0.069792,0.384792,1.277396
GPen,256,curve,512,contact,26,14,8,3932160,0.093490,0.451302,2.773958
GPen,256,curve,512,merged,27,13,8,3670016,0.069792,0.392917,1.272500
GPen,256,curve,512,contact,27,14,8,3932160,0.093490,0.395000,2.771927
GPen,256,curve,512,simple,27,14,8,3932160,0.093490,2.214844,1.355729
GPen,256,curve,512,contact,28,14,8,3932160,0.093490,0.576614,2.773802
GPen,256,curve,512,simple,28,14,8,3932160,0.093490,0.476562,1.350208
GPen,256,curve,512,merged,28,13,8,3670016,0.069792,0.401666,1.272552
GPen,256,curve,512,simple,29,14,8,3932160,0.093490,0.401771,1.350156
GPen,256,curve,512,merged,29,13,8,3670016,0.069792,0.399531,1.274323
GPen,256,curve,512,contact,29,14,8,3932160,0.093490,0.395938,2.768542
GPen,256,curve,512,merged,30,13,8,3670016,0.069792,0.390261,1.275677
GPen,256,curve,512,contact,30,14,8,3932160,0.093490,0.407500,2.775990
GPen,256,curve,512,simple,30,14,8,3932160,0.093490,0.405208,1.348125
GPen,256,curve,512,contact,31,14,8,3932160,0.093490,0.386562,2.769271
GPen,256,curve,512,simple,31,14,8,3932160,0.093490,0.398072,1.349219
GPen,256,curve,512,merged,31,13,8,3670016,0.069792,1.045521,1.272500
GPen,256,curve,512,simple,32,14,8,3932160,0.093490,0.564166,1.349948
GPen,256,curve,512,merged,32,13,8,3670016,0.069792,0.421302,1.276198
GPen,256,curve,512,contact,32,14,8,3932160,0.093490,0.419375,2.774792
GPen,256,curve,512,merged,33,13,8,3670016,0.069792,0.545730,1.271667
GPen,256,curve,512,contact,33,14,8,3932160,0.093490,0.435833,2.765677
GPen,256,curve,512,simple,33,14,8,3932160,0.093490,0.444115,1.345156
GPen,256,curve,512,contact,34,14,8,3932160,0.093490,0.560261,2.765937
GPen,256,curve,512,simple,34,14,8,3932160,0.093490,0.452292,1.347083
GPen,256,curve,512,merged,34,13,8,3670016,0.069792,0.404115,1.279115
GPen,256,curve,512,simple,35,14,8,3932160,0.093490,0.398489,1.351406
GPen,256,curve,512,merged,35,13,8,3670016,0.069792,0.408229,1.273854
GPen,256,curve,512,contact,35,14,8,3932160,0.093490,0.392760,2.772083
GPen,256,curve,512,merged,36,13,8,3670016,0.069792,0.398021,1.275208
GPen,256,curve,512,contact,36,14,8,3932160,0.093490,0.488438,2.773437
GPen,256,curve,512,simple,36,14,8,3932160,0.093490,0.412135,1.352448
GPen,256,curve,512,contact,37,14,8,3932160,0.093490,0.389218,2.773125
GPen,256,curve,512,simple,37,14,8,3932160,0.093490,0.381406,1.346875
GPen,256,curve,512,merged,37,13,8,3670016,0.069792,0.390521,1.271510
GPen,256,curve,512,simple,38,14,8,3932160,0.093490,0.744584,1.347604
GPen,256,curve,512,merged,38,13,8,3670016,0.069792,0.399479,1.283437
GPen,256,curve,512,contact,38,14,8,3932160,0.093490,0.396094,2.774010
GPen,256,curve,512,merged,39,13,8,3670016,0.069792,0.383646,1.272604
GPen,256,curve,512,contact,39,14,8,3932160,0.093490,0.384375,2.771927
GPen,256,curve,512,simple,39,14,8,3932160,0.093490,0.408437,1.348229
GPen,256,curve,512,contact,40,14,8,3932160,0.093490,0.412916,2.771354
GPen,256,curve,512,simple,40,14,8,3932160,0.093490,0.384948,1.347656
GPen,256,curve,512,merged,40,13,8,3670016,0.069792,0.379636,1.283490
GPen,256,curve,512,simple,41,14,8,3932160,0.093490,0.380833,1.353229
GPen,256,curve,512,merged,41,13,8,3670016,0.069792,0.417916,1.276094
GPen,256,curve,512,contact,41,14,8,3932160,0.093490,0.406354,2.770104
GPen,256,curve,512,merged,42,13,8,3670016,0.069792,0.516979,1.282708
GPen,256,curve,512,contact,42,14,8,3932160,0.093490,1.084271,2.774896
GPen,256,curve,512,simple,42,14,8,3932160,0.093490,0.358073,1.346250
GPen,256,curve,512,contact,43,14,8,3932160,0.093490,0.426302,2.774531
GPen,256,curve,512,simple,43,14,8,3932160,0.093490,0.394688,1.361823
GPen,256,curve,512,merged,43,13,8,3670016,0.069792,0.383437,1.285677
GPen,256,curve,512,simple,44,14,8,3932160,0.093490,0.591979,1.834948
GPen,256,curve,512,merged,44,13,8,3670016,0.069792,0.586302,1.726354
GPen,256,curve,512,contact,44,14,8,3932160,0.093490,0.380260,3.891510
GPen,256,curve,512,merged,45,13,8,3670016,0.069792,0.480052,1.727708
GPen,256,curve,512,contact,45,14,8,3932160,0.093490,0.388177,3.904427
GPen,256,curve,512,simple,45,14,8,3932160,0.093490,0.410573,1.831771
GPen,256,curve,512,contact,46,14,8,3932160,0.093490,0.389271,3.892031
GPen,256,curve,512,simple,46,14,8,3932160,0.093490,0.404740,1.832552
GPen,256,curve,512,merged,46,13,8,3670016,0.069792,0.514167,1.725521
GPen,256,curve,512,simple,47,14,8,3932160,0.093490,0.400000,1.831042
GPen,256,curve,512,merged,47,13,8,3670016,0.069792,0.391198,1.729844
GPen,256,curve,512,contact,47,14,8,3932160,0.093490,0.385520,3.890260
GPen,256,curve,512,merged,48,13,8,3670016,0.069792,0.383906,1.725677
GPen,256,curve,512,contact,48,14,8,3932160,0.093490,0.386093,3.895364
GPen,256,curve,512,simple,48,14,8,3932160,0.093490,0.407656,1.826042
GPen,256,curve,512,contact,49,14,8,3932160,0.093490,0.392135,3.890625
GPen,256,curve,512,simple,49,14,8,3932160,0.093490,0.389375,1.830156
GPen,256,curve,512,merged,49,13,8,3670016,0.069792,0.389167,1.724323
GPen,256,straight,512,merged,0,1,8,524288,0.219480,0.478542,0.600521
GPen,256,straight,512,contact,0,13,8,3670016,0.224479,0.705573,3.650208
GPen,256,straight,512,simple,0,13,8,3670016,0.224479,0.391875,1.714635
GPen,256,straight,512,contact,1,13,8,3670016,0.224479,0.353958,3.629739
GPen,256,straight,512,simple,1,13,8,3670016,0.224479,0.189584,1.710885
GPen,256,straight,512,merged,1,1,8,524288,0.219480,0.159219,0.550833
GPen,256,straight,512,simple,2,13,8,3670016,0.224479,0.142761,1.713750
GPen,256,straight,512,merged,2,1,8,524288,0.219480,0.586562,0.626875
GPen,256,straight,512,contact,2,13,8,3670016,0.224479,0.449010,3.693489
GPen,256,straight,512,merged,3,1,8,524288,0.219480,0.470104,0.597500
GPen,256,straight,512,contact,3,13,8,3670016,0.224479,0.436302,3.694427
GPen,256,straight,512,simple,3,13,8,3670016,0.224479,0.431875,1.813281
GPen,256,straight,512,contact,4,13,8,3670016,0.224479,0.434427,3.690052
GPen,256,straight,512,simple,4,13,8,3670016,0.224479,0.425208,1.812083
GPen,256,straight,512,merged,4,1,8,524288,0.219480,1.038125,0.600833
GPen,256,straight,512,simple,5,13,8,3670016,0.224479,0.420989,1.811719
GPen,256,straight,512,merged,5,1,8,524288,0.219480,0.407865,0.624427
GPen,256,straight,512,contact,5,13,8,3670016,0.224479,0.414323,3.688802
GPen,256,straight,512,merged,6,1,8,524288,0.219480,0.397865,0.593958
GPen,256,straight,512,contact,6,13,8,3670016,0.224479,0.393490,3.680989
GPen,256,straight,512,simple,6,13,8,3670016,0.224479,0.497188,1.813594
GPen,256,straight,512,contact,7,13,8,3670016,0.224479,0.562136,3.685729
GPen,256,straight,512,simple,7,13,8,3670016,0.224479,0.497552,1.813490
GPen,256,straight,512,merged,7,1,8,524288,0.219480,0.398958,0.599219
GPen,256,straight,512,simple,8,13,8,3670016,0.224479,0.411510,1.810312
GPen,256,straight,512,merged,8,1,8,524288,0.219480,0.428229,0.600312
GPen,256,straight,512,contact,8,13,8,3670016,0.224479,0.399636,3.690885
GPen,256,straight,512,merged,9,1,8,524288,0.219480,0.396302,0.594115
GPen,256,straight,512,contact,9,13,8,3670016,0.224479,0.392760,3.686042
GPen,256,straight,512,simple,9,13,8,3670016,0.224479,0.411667,1.809948
GPen,256,straight,512,contact,10,13,8,3670016,0.224479,0.394635,3.687917
GPen,256,straight,512,simple,10,13,8,3670016,0.224479,0.395000,1.814271
GPen,256,straight,512,merged,10,1,8,524288,0.219480,0.398958,0.614323
GPen,256,straight,512,simple,11,13,8,3670016,0.224479,0.419427,1.813281
GPen,256,straight,512,merged,11,1,8,524288,0.219480,0.399844,0.596510
GPen,256,straight,512,contact,11,13,8,3670016,0.224479,0.398645,3.688177
GPen,256,straight,512,merged,12,1,8,524288,0.219480,0.401667,0.598906
GPen,256,straight,512,contact,12,13,8,3670016,0.224479,0.414740,3.686354
GPen,256,straight,512,simple,12,13,8,3670016,0.224479,0.496979,1.806667
GPen,256,straight,512,contact,13,13,8,3670016,0.224479,0.397344,3.688906
GPen,256,straight,512,simple,13,13,8,3670016,0.224479,0.525469,1.808802
GPen,256,straight,512,merged,13,1,8,524288,0.219480,0.399896,0.600677
GPen,256,straight,512,simple,14,13,8,3670016,0.224479,0.382968,1.809271
GPen,256,straight,512,merged,14,1,8,524288,0.219480,0.510469,0.605781
GPen,256,straight,512,contact,14,13,8,3670016,0.224479,0.411823,3.685989
GPen,256,straight,512,merged,15,1,8,524288,0.219480,0.420573,0.606979
GPen,256,straight,512,contact,15,13,8,3670016,0.224479,0.403594,3.688646
GPen,256,straight,512,simple,15,13,8,3670016,0.224479,0.405782,1.808229
GPen,256,straight,512,contact,16,13,8,3670016,0.224479,0.462135,3.682864
GPen,256,straight,512,simple,16,13,8,3670016,0.224479,0.410208,1.813802
GPen,256,straight,512,merged,16,1,8,524288,0.219480,0.397552,0.612917
GPen,256,straight,512,simple,17,13,8,3670016,0.224479,0.399584,1.812656
GPen,256,straight,512,merged,17,1,8,524288,0.219480,0.395313,0.596667
GPen,256,straight,512,contact,17,13,8,3670016,0.224479,0.497969,3.683177
GPen,256,straight,512,merged,18,1,8,524288,0.219480,0.391354,0.602396
GPen,256,straight,512,contact,18,13,8,3670016,0.224479,0.389739,3.687448
GPen,256,straight,512,simple,18,13,8,3670016,0.224479,0.399323,1.810885
GPen,256,straight,512,contact,19,13,8,3670016,0.224479,0.409687,3.691614
GPen,256,straight,512,simple,19,13,8,3670016,0.224479,0.395781,1.809167
GPen,256,straight,512,merged,19,1,8,524288,0.219480,0.394687,0.601458
GPen,256,straight,512,simple,20,13,8,3670016,0.224479,0.434843,1.805729
GPen,256,straight,512,merged,20,1,8,524288,0.219480,0.470990,0.602604
GPen,256,straight,512,contact,20,13,8,3670016,0.224479,0.412292,3.691302
GPen,256,straight,512,merged,21,1,8,524288,0.219480,0.390105,0.617917
GPen,256,straight,512,contact,21,13,8,3670016,0.224479,0.395573,3.689739
GPen,256,straight,512,simple,21,13,8,3670016,0.224479,0.412344,1.809531
GPen,256,straight,512,contact,22,13,8,3670016,0.224479,0.493073,3.693802
GPen,256,straight,512,simple,22,13,8,3670016,0.224479,0.386875,1.806094
GPen,256,straight,512,merged,22,1,8,524288,0.219480,0.380156,0.600677
GPen,256,straight,512,simple,23,13,8,3670016,0.224479,0.391197,1.810625
GPen,256,straight,512,merged,23,1,8,524288,0.219480,0.391614,0.600052
GPen,256,straight,512,contact,23,13,8,3670016,0.224479,0.385052,3.685417
GPen,256,straight,512,merged,24,1,8,524288,0.219480,0.400781,0.603490
GPen,256,straight,512,contact,24,13,8,3670016,0.224479,0.412761,3.683385
GPen,256,straight,512,simple,24,13,8,3670016,0.224479,0.389219,1.807135
GPen,256,straight,512,contact,25,13,8,3670016,0.224479,0.387604,3.691146
GPen,256,straight,512,simple,25,13,8,3670016,0.224479,0.389479,1.808906
GPen,256,straight,512,merged,25,1,8,524288,0.219480,0.386875,0.613333
GPen,256,straight,512,simple,26,13,8,3670016,0.224479,0.397136,1.813594
GPen,256,straight,512,merged,26,1,8,524288,0.219480,0.500364,0.598854
GPen,256,straight,512,contact,26,13,8,3670016,0.224479,0.393438,3.689739
GPen,256,straight,512,merged,27,1,8,524288,0.219480,0.409740,0.596615
GPen,256,straight,512,contact,27,13,8,3670016,0.224479,0.382396,3.683281
GPen,256,straight,512,simple,27,13,8,3670016,0.224479,0.389948,1.811042
GPen,256,straight,512,contact,28,13,8,3670016,0.224479,0.407709,3.684896
GPen,256,straight,512,simple,28,13,8,3670016,0.224479,0.500000,1.810781
GPen,256,straight,512,merged,28,1,8,524288,0.219480,0.510312,0.616198
GPen,256,straight,512,simple,29,13,8,3670016,0.224479,0.372761,1.811562
GPen,256,straight,512,merged,29,1,8,524288,0.219480,0.392968,0.609479
GPen,256,straight,512,contact,29,13,8,3670016,0.224479,0.483854,3.683958
GPen,256,straight,512,merged,30,1,8,524288,0.219480,0.395625,0.611250
GPen,256,straight,512,contact,30,13,8,3670016,0.224479,0.418229,3.685937
GPen,256,straight,512,simple,30,13,8,3670016,0.224479,0.513854,1.811042
GPen,256,straight,512,contact,31,13,8,3670016,0.224479,0.409375,3.686042
GPen,256,straight,512,simple,31,13,8,3670016,0.224479,0.500468,1.806927
GPen,256,straight,512,merged,31,1,8,524288,0.219480,0.390990,0.613177
GPen,256,straight,512,simple,32,13,8,3670016,0.224479,0.483489,1.814531
GPen,256,straight,512,merged,32,1,8,524288,0.219480,0.627657,0.609583
GPen,256,straight,512,contact,32,13,8,3670016,0.224479,0.402344,3.685677
GPen,256,straight,512,merged,33,1,8,524288,0.219480,0.492084,0.604219
GPen,256,straight,512,contact,33,13,8,3670016,0.224479,0.416198,3.686927
GPen,256,straight,512,simple,33,13,8,3670016,0.224479,0.418437,1.808437
GPen,256,straight,512,contact,34,13,8,3670016,0.224479,0.411510,3.685937
GPen,256,straight,512,simple,34,13,8,3670016,0.224479,0.400938,1.808281
GPen,256,straight,512,merged,34,1,8,524288,0.219480,0.387188,0.605573
GPen,256,straight,512,simple,35,13,8,3670016,0.224479,0.478750,1.812865
GPen,256,straight,512,merged,35,1,8,524288,0.219480,0.414740,0.610677
GPen,256,straight,512,contact,35,13,8,3670016,0.224479,0.405312,3.693750
GPen,256,straight,512,merged,36,1,8,524288,0.219480,0.484427,0.619427
GPen,256,straight,512,contact,36,13,8,3670016,0.224479,0.428959,3.687864
GPen,256,straight,512,simple,36,13,8,3670016,0.224479,0.401927,1.808490
GPen,256,straight,512,contact,37,13,8,3670016,0.224479,0.473333,3.686406
GPen,256,straight,512,simple,37,13,8,3670016,0.224479,0.410521,1.812396
GPen,256,straight,512,merged,37,1,8,524288,0.219480,0.392344,0.611042
GPen,256,straight,512,simple,38,13,8,3670016,0.224479,0.499115,1.807344
GPen,256,straight,512,merged,38,1,8,524288,0.219480,0.428698,0.604531
GPen,256,straight,512,contact,38,13,8,3670016,0.224479,0.518958,3.683489
GPen,256,straight,512,merged,39,1,8,524288,0.219480,0.482188,0.608385
GPen,256,straight,512,contact,39,13,8,3670016,0.224479,0.404219,3.681094
GPen,256,straight,512,simple,39,13,8,3670016,0.224479,0.402239,1.809167
GPen,256,straight,512,contact,40,13,8,3670016,0.224479,0.403802,3.688437
GPen,256,straight,512,simple,40,13,8,3670016,0.224479,0.494115,1.807917
GPen,256,straight,512,merged,40,1,8,524288,0.219480,0.407604,0.599792
GPen,256,straight,512,simple,41,13,8,3670016,0.224479,0.401041,1.806510
GPen,256,straight,512,merged,41,1,8,524288,0.219480,0.484583,0.605729
GPen,256,straight,512,contact,41,13,8,3670016,0.224479,0.482552,3.690937
GPen,256,straight,512,merged,42,1,8,524288,0.219480,0.399531,0.595208
GPen,256,straight,512,contact,42,13,8,3670016,0.224479,0.397240,3.686667
GPen,256,straight,512,simple,42,13,8,3670016,0.224479,0.406302,1.812500
GPen,256,straight,512,contact,43,13,8,3670016,0.224479,0.409688,3.696458
GPen,256,straight,512,simple,43,13,8,3670016,0.224479,0.396511,1.809271
GPen,256,straight,512,merged,43,1,8,524288,0.219480,0.407344,0.612812
GPen,256,straight,512,simple,44,13,8,3670016,0.224479,0.462708,1.813073
GPen,256,straight,512,merged,44,1,8,524288,0.219480,0.409219,0.592135
GPen,256,straight,512,contact,44,13,8,3670016,0.224479,0.400156,3.685156
GPen,256,straight,512,merged,45,1,8,524288,0.219480,0.402500,0.601042
GPen,256,straight,512,contact,45,13,8,3670016,0.224479,0.399375,3.690573
GPen,256,straight,512,simple,45,13,8,3670016,0.224479,0.482812,1.809167
GPen,256,straight,512,contact,46,13,8,3670016,0.224479,0.363021,3.690312
GPen,256,straight,512,simple,46,13,8,3670016,0.224479,0.636614,1.788229
GPen,256,straight,512,merged,46,1,8,524288,0.219480,0.412344,0.564375
GPen,256,straight,512,simple,47,13,8,3670016,0.224479,0.536927,1.730625
GPen,256,straight,512,merged,47,1,8,524288,0.219480,0.481667,0.561510
GPen,256,straight,512,contact,47,13,8,3670016,0.224479,10.743177,3.646354
GPen,256,straight,512,merged,48,1,8,524288,0.219480,0.240260,0.536198
GPen,256,straight,512,contact,48,13,8,3670016,0.224479,0.177239,3.631354
GPen,256,straight,512,simple,48,13,8,3670016,0.224479,0.233698,1.698802
GPen,256,straight,512,contact,49,13,8,3670016,0.224479,0.184948,3.644271
GPen,256,straight,512,simple,49,13,8,3670016,0.224479,0.363020,1.738490
GPen,256,straight,512,merged,49,1,8,524288,0.219480,0.409167,0.553646
GPen,32,curve,512,merged,0,27,3,1966080,0.359271,0.433073,0.854375
GPen,32,curve,512,contact,0,103,3,7864320,0.359479,0.699948,6.055208
GPen,32,curve,512,simple,0,103,3,7864320,0.359479,1.824479,3.090990
GPen,32,curve,512,contact,1,103,3,7864320,0.359479,0.568958,5.997448
GPen,32,curve,512,simple,1,103,3,7864320,0.359479,0.305417,3.091146
GPen,32,curve,512,merged,1,27,3,1966080,0.359271,0.551771,0.886406
GPen,32,curve,512,simple,2,103,3,7864320,0.359479,0.443177,3.091562
GPen,32,curve,512,merged,2,27,3,1966080,0.359271,0.406406,0.884167
GPen,32,curve,512,contact,2,103,3,7864320,0.359479,0.398229,6.022604
GPen,32,curve,512,merged,3,27,3,1966080,0.359271,0.467448,0.883698
GPen,32,curve,512,contact,3,103,3,7864320,0.359479,0.404167,6.029687
GPen,32,curve,512,simple,3,103,3,7864320,0.359479,0.564323,3.050417
GPen,32,curve,512,contact,4,103,3,7864320,0.359479,0.561927,6.020417
GPen,32,curve,512,simple,4,103,3,7864320,0.359479,0.547760,3.094427
GPen,32,curve,512,merged,4,27,3,1966080,0.359271,0.554062,0.884687
GPen,32,curve,512,simple,5,103,3,7864320,0.359479,0.413646,3.094479
GPen,32,curve,512,merged,5,27,3,1966080,0.359271,0.558021,0.883281
GPen,32,curve,512,contact,5,103,3,7864320,0.359479,0.419427,6.034375
GPen,32,curve,512,merged,6,27,3,1966080,0.359271,0.624375,0.885990
GPen,32,curve,512,contact,6,103,3,7864320,0.359479,0.419271,6.016823
GPen,32,curve,512,simple,6,103,3,7864320,0.359479,0.578854,3.097031
GPen,32,curve,512,contact,7,103,3,7864320,0.359479,0.469323,6.035364
GPen,32,curve,512,simple,7,103,3,7864320,0.359479,0.524740,3.098385
GPen,32,curve,512,merged,7,27,3,1966080,0.359271,0.557291,0.883750
GPen,32,curve,512,simple,8,103,3,7864320,0.359479,0.441197,3.099531
GPen,32,curve,512,merged,8,27,3,1966080,0.359271,0.525000,0.881771
GPen,32,curve,512,contact,8,103,3,7864320,0.359479,0.414948,6.014062
GPen,32,curve,512,merged,9,27,3,1966080,0.359271,0.635886,0.879896
GPen,32,curve,512,contact,9,103,3,7864320,0.359479,0.404844,6.016875
GPen,32,curve,512,simple,9,103,3,7864320,0.359479,0.462448,3.091302
GPen,32,curve,512,contact,10,103,3,7864320,0.359479,0.403438,6.020208
GPen,32,curve,512,simple,10,103,3,7864320,0.359479,0.516146,3.099115
GPen,32,curve,512,merged,10,27,3,1966080,0.359271,0.447448,0.883490
GPen,32,curve,512,simple,11,103,3,7864320,0.359479,0.417292,3.093854
GPen,32,curve,512,merged,11,27,3,1966080,0.359271,0.407448,0.882344
GPen,32,curve,512,contact,11,103,3,7864320,0.359479,0.398229,6.022344
GPen,32,curve,512,merged,12,27,3,1966080,0.359271,0.604583,0.884635
GPen,32,curve,512,contact,12,103,3,7864320,0.359479,0.517500,6.049271
GPen,32,curve,512,simple,12,103,3,7864320,0.359479,0.518646,3.048281
GPen,32,curve,512,contact,13,103,3,7864320,0.359479,0.542552,6.014375
GPen,32,curve,512,simple,13,103,3,7864320,0.359479,0.530156,3.047344
GPen,32,curve,512,merged,13,27,3,1966080,0.359271,0.657292,0.856458
GPen,32,curve,512,simple,14,103,3,7864320,0.359479,0.434219,3.054115
GPen,32,curve,512,merged,14,27,3,1966080,0.359271,0.545052,0.855781
GPen,32,curve,512,contact,14,103,3,7864320,0.359479,0.427448,5.991979
GPen,32,curve,512,merged,15,27,3,1966080,0.359271,0.528750,0.855417
GPen,32,curve,512,contact,15,103,3,7864320,0.359479,0.414167,6.014271
GPen,32,curve,512,simple,15,103,3,7864320,0.359479,0.625365,3.056302
GPen,32,curve,512,contact,16,103,3,7864320,0.359479,0.408854,6.003750
GPen,32,curve,512,simple,16,103,3,7864320,0.359479,0.643020,3.054427
GPen,32,curve,512,merged,16,27,3,1966080,0.359271,0.422083,0.853958
GPen,32,curve,512,simple,17,103,3,7864320,0.359479,0.399375,3.053385
GPen,32,curve,512,merged,17,27,3,1966080,0.359271,0.541145,0.857604
GPen,32,curve,512,contact,17,103,3,7864320,0.359479,0.429010,6.019531
GPen,32,curve,512,merged,18,27,3,1966080,0.359271,0.551458,0.853490
GPen,32,curve,512,contact,18,103,3,7864320,0.359479,0.737864,6.012135
GPen,32,curve,512,simple,18,103,3,7864320,0.359479,0.479011,3.068021
GPen,32,curve,512,contact,19,103,3,7864320,0.359479,0.404688,5.996302
GPen,32,curve,512,simple,19,103,3,7864320,0.359479,0.529687,3.060677
GPen,32,curve,512,merged,19,27,3,1966080,0.359271,0.487396,0.855312
GPen,32,curve,512,simple,20,103,3,7864320,0.359479,0.408072,3.058906
GPen,32,curve,512,merged,20,27,3,1966080,0.359271,0.532708,0.855573
GPen,32,curve,512,contact,20,103,3,7864320,0.359479,0.424740,5.997917
GPen,32,curve,512,merged,21,27,3,1966080,0.359271,0.528021,0.853281
GPen,32,curve,512,contact,21,103,3,7864320,0.359479,0.429532,6.006927
GPen,32,curve,512,simple,21,103,3,7864320,0.359479,0.557917,3.067500
GPen,32,curve,512,contact,22,103,3,7864320,0.359479,0.557447,6.000260
GPen,32,curve,512,simple,22,103,3,7864320,0.359479,0.563229,3.051823
GPen,32,curve,512,merged,22,27,3,1966080,0.359271,0.527136,0.854427
GPen,32,curve,512,simple,23,103,3,7864320,0.359479,0.523594,3.058490
GPen,32,curve,512,merged,23,27,3,1966080,0.359271,0.381771,0.859115
GPen,32,curve,512,contact,23,103,3,7864320,0.359479,0.376041,6.014114
GPen,32,curve,512,merged,24,27,3,1966080,0.359271,0.507657,0.856510
GPen,32,curve,512,contact,24,103,3,7864320,0.359479,0.569895,5.998021
GPen,32,curve,512,simple,24,103,3,7864320,0.359479,0.675156,3.055625
GPen,32,curve,512,contact,25,103,3,7864320,0.359479,0.392917,6.012135
GPen,32,curve,512,simple,25,103,3,7864320,0.359479,0.535104,3.057865
GPen,32,curve,512,merged,25,27,3,1966080,0.359271,0.557032,0.855729
GPen,32,curve,512,simple,26,103,3,7864320,0.359479,0.408021,3.049062
GPen,32,curve,512,merged,26,27,3,1966080,0.359271,0.536406,0.856302
GPen,32,curve,512,contact,26,103,3,7864320,0.359479,0.453594,6.022656
GPen,32,curve,512,merged,27,27,3,1966080,0.359271,0.515312,0.882552
GPen,32,curve,512,contact,27,103,3,7864320,0.359479,0.411563,6.026354
GPen,32,curve,512,simple,27,103,3,7864320,0.359479,0.518073,3.098542
GPen,32,curve,512,contact,28,103,3,7864320,0.359479,0.406562,6.016198
GPen,32,curve,512,simple,28,103,3,7864320,0.359479,0.544635,3.098229
GPen,32,curve,512,merged,28,27,3,1966080,0.359271,0.489895,0.882135
GPen,32,curve,512,simple,29,103,3,7864320,0.359479,0.412135,3.095104
GPen,32,curve,512,merged,29,27,3,1966080,0.359271,0.533385,0.886615
GPen,32,curve,512,contact,29,103,3,7864320,0.359479,0.519063,6.019323
GPen,32,curve,512,merged,30,27,3,1966080,0.359271,0.596719,0.882917
GPen,32,curve,512,contact,30,103,3,7864320,0.359479,0.558229,6.029844
GPen,32,curve,512,simple,30,103,3,7864320,0.359479,0.525781,3.095052
GPen,32,curve,512,contact,31,103,3,7864320,0.359479,0.412240,6.024167
GPen,32,curve,512,simple,31,103,3,7864320,0.359479,0.527448,3.098073
GPen,32,curve,512,merged,31,27,3,1966080,0.359271,0.663386,0.882187
GPen,32,curve,512,simple,32,103,3,7864320,0.359479,0.426719,3.091198
GPen,32,curve,512,merged,32,27,3,1966080,0.359271,0.516823,0.885625
GPen,32,curve,512,contact,32,103,3,7864320,0.359479,0.409895,6.022552
GPen,32,curve,512,merged,33,27,3,1966080,0.359271,0.462552,0.885312
GPen,32,curve,512,contact,33,103,3,7864320,0.359479,0.855105,6.021667
GPen,32,curve,512,simple,33,103,3,7864320,0.359479,0.548437,3.094323
GPen,32,curve,512,contact,34,103,3,7864320,0.359479,0.476041,6.020833
GPen,32,curve,512,simple,34,103,3,7864320,0.359479,0.529115,3.098385
GPen,32,curve,512,merged,34,27,3,1966080,0.359271,0.406355,0.880885
GPen,32,curve,512,simple,35,103,3,7864320,0.359479,0.503906,3.095990
GPen,32,curve,512,merged,35,27,3,1966080,0.359271,0.388281,0.883594
GPen,32,curve,512,contact,35,103,3,7864320,0.359479,0.394218,6.011354
GPen,32,curve,512,merged,36,27,3,1966080,0.359271,0.555261,0.883698
GPen,32,curve,512,contact,36,103,3,7864320,0.359479,0.449375,6.028229
GPen,32,curve,512,simple,36,103,3,7864320,0.359479,0.554531,3.095208
GPen,32,curve,512,contact,37,103,3,7864320,0.359479,0.544427,6.017083
GPen,32,curve,512,simple,37,103,3,7864320,0.359479,0.535260,3.089479
GPen,32,curve,512,merged,37,27,3,1966080,0.359271,0.481927,0.882240
GPen,32,curve,512,simple,38,103,3,7864320,0.359479,0.427553,3.103698
GPen,32,curve,512,merged,38,27,3,1966080,0.359271,0.525677,0.882448
GPen,32,curve,512,contact,38,103,3,7864320,0.359479,0.410208,6.013906
GPen,32,curve,512,merged,39,27,3,1966080,0.359271,0.520261,0.883542
GPen,32,curve,512,contact,39,103,3,7864320,0.359479,0.551666,6.016406
GPen,32,curve,512,simple,39,103,3,7864320,0.359479,0.674427,3.090781
GPen,32,curve,512,contact,40,103,3,7864320,0.359479,0.469583,6.014687
GPen,32,curve,512,simple,40,103,3,7864320,0.359479,0.468594,3.092500
GPen,32,curve,512,merged,40,27,3,1966080,0.359271,0.642500,0.883646
GPen,32,curve,512,simple,41,103,3,7864320,0.359479,0.421667,3.092083
GPen,32,curve,512,merged,41,27,3,1966080,0.359271,0.516666,0.881875
GPen,32,curve,512,contact,41,103,3,7864320,0.359479,0.407084,6.026354
GPen,32,curve,512,merged,42,27,3,1966080,0.359271,0.521302,0.883750
GPen,32,curve,512,contact,42,103,3,7864320,0.359479,0.402813,6.033229
GPen,32,curve,512,simple,42,103,3,7864320,0.359479,0.738021,3.095781
GPen,32,curve,512,contact,43,103,3,7864320,0.359479,0.538906,6.020469
GPen,32,curve,512,simple,43,103,3,7864320,0.359479,0.513906,3.091667
GPen,32,curve,512,merged,43,27,3,1966080,0.359271,0.533802,0.883958
GPen,32,curve,512,simple,44,103,3,7864320,0.359479,0.417552,3.092083
GPen,32,curve,512,merged,44,27,3,1966080,0.359271,0.611562,0.884635
GPen,32,curve,512,contact,44,103,3,7864320,0.359479,0.438594,6.012917
GPen,32,curve,512,merged,45,27,3,1966080,0.359271,0.464010,0.882344
GPen,32,curve,512,contact,45,103,3,7864320,0.359479,0.414271,6.017604
GPen,32,curve,512,simple,45,103,3,7864320,0.359479,0.474532,3.091562
GPen,32,curve,512,contact,46,103,3,7864320,0.359479,0.555156,6.018333
GPen,32,curve,512,simple,46,103,3,7864320,0.359479,0.455886,3.097500
GPen,32,curve,512,merged,46,27,3,1966080,0.359271,0.406771,0.884271
GPen,32,curve,512,simple,47,103,3,7864320,0.359479,0.399114,3.093698
GPen,32,curve,512,merged,47,27,3,1966080,0.359271,0.516510,0.883333
GPen,32,curve,512,contact,47,103,3,7864320,0.359479,0.422969,6.030260
GPen,32,curve,512,merged,48,27,3,1966080,0.359271,0.588906,0.881875
GPen,32,curve,512,contact,48,103,3,7864320,0.359479,0.549636,6.025312
GPen,32,curve,512,simple,48,103,3,7864320,0.359479,0.576302,3.099687
GPen,32,curve,512,contact,49,103,3,7864320,0.359479,0.422552,6.013802
GPen,32,curve,512,simple,49,103,3,7864320,0.359479,0.529636,3.094375
GPen,32,curve,512,merged,49,27,3,1966080,0.359271,0.555730,0.884427
GPen,32,straight,512,merged,0,1,3,196608,0.285312,0.453594,0.216302
GPen,32,straight,512,contact,0,90,3,6815744,0.343281,0.562188,5.209114
GPen,32,straight,512,simple,0,90,3,6815744,0.343281,0.447761,2.665937
GPen,32,straight,512,contact,1,90,3,6815744,0.343281,0.657032,5.227135
GPen,32,straight,512,simple,1,90,3,6815744,0.343281,0.427344,2.702917
GPen,32,straight,512,merged,1,1,3,196608,0.285312,0.668438,0.211615
GPen,32,straight,512,simple,2,90,3,6815744,0.343281,0.437448,2.704844
GPen,32,straight,512,merged,2,1,3,196608,0.285312,0.404270,0.213646
GPen,32,straight,512,contact,2,90,3,6815744,0.343281,0.391563,5.228802
GPen,32,straight,512,merged,3,1,3,196608,0.285312,0.511302,0.218854
GPen,32,straight,512,contact,3,90,3,6815744,0.343281,0.413542,5.229427
GPen,32,straight,512,simple,3,90,3,6815744,0.343281,0.523854,2.707292
GPen,32,straight,512,contact,4,90,3,6815744,0.343281,0.403281,5.222812
GPen,32,straight,512,simple,4,90,3,6815744,0.343281,0.637760,2.702708
GPen,32,straight,512,merged,4,1,3,196608,0.285312,0.447396,0.214323
GPen,32,straight,512,simple,5,90,3,6815744,0.343281,0.394635,2.696510
GPen,32,straight,512,merged,5,1,3,196608,0.285312,0.455313,0.214583
GPen,32,straight,512,contact,5,90,3,6815744,0.343281,0.431770,5.224114
GPen,32,straight,512,merged,6,1,3,196608,0.285312,0.530677,0.217708
GPen,32,straight,512,contact,6,90,3,6815744,0.343281,0.412343,5.219114
GPen,32,straight,512,simple,6,90,3,6815744,0.343281,0.514583,2.712552
GPen,32,straight,512,contact,7,90,3,6815744,0.343281,0.443802,5.245573
GPen,32,straight,512,simple,7,90,3,6815744,0.343281,0.528177,2.712604
GPen,32,straight,512,merged,7,1,3,196608,0.285312,0.410573,0.214115
GPen,32,straight,512,simple,8,90,3,6815744,0.343281,0.408594,2.702083
GPen,32,straight,512,merged,8,1,3,196608,0.285312,0.380156,0.216302
GPen,32,straight,512,contact,8,90,3,6815744,0.343281,0.510417,5.222187
GPen,32,straight,512,merged,9,1,3,196608,0.285312,0.452500,0.217135
GPen,32,straight,512,contact,9,90,3,6815744,0.343281,0.402865,5.233021
GPen,32,straight,512,simple,9,90,3,6815744,0.343281,0.459895,2.706771
GPen,32,straight,512,contact,10,90,3,6815744,0.343281,0.546771,5.241250
GPen,32,straight,512,simple,10,90,3,6815744,0.343281,0.479167,2.702135
GPen,32,straight,512,merged,10,1,3,196608,0.285312,0.551562,0.213750
GPen,32,straight,512,simple,11,90,3,6815744,0.343281,0.419062,2.704948
GPen,32,straight,512,merged,11,1,3,196608,0.285312,0.446979,0.213125
GPen,32,straight,512,contact,11,90,3,6815744,0.343281,0.415260,5.233073
GPen,32,straight,512,merged,12,1,3,196608,0.285312,0.459791,0.212760
GPen,32,straight,512,contact,12,90,3,6815744,0.343281,0.411927,5.236614
GPen,32,straight,512,simple,12,90,3,6815744,0.343281,0.409896,2.706250
GPen,32,straight,512,contact,13,90,3,6815744,0.343281,0.396823,5.231562
GPen,32,straight,512,simple,13,90,3,6815744,0.343281,0.448021,2.704062
GPen,32,straight,512,merged,13,1,3,196608,0.285312,0.403333,0.213490
GPen,32,straight,512,simple,14,90,3,6815744,0.343281,0.392656,2.708542
GPen,32,straight,512,merged,14,1,3,196608,0.285312,0.407761,0.214583
GPen,32,straight,512,contact,14,90,3,6815744,0.343281,0.387864,5.221302
GPen,32,straight,512,merged,15,1,3,196608,0.285312,0.471875,0.219010
GPen,32,straight,512,contact,15,90,3,6815744,0.343281,0.404583,5.232344
GPen,32,straight,512,simple,15,90,3,6815744,0.343281,0.529948,2.715312
GPen,32,straight,512,contact,16,90,3,6815744,0.343281,0.554739,5.232656
GPen,32,straight,512,simple,16,90,3,6815744,0.343281,0.557552,2.699948
GPen,32,straight,512,merged,16,1,3,196608,0.285312,0.465833,0.221250
GPen,32,straight,512,simple,17,90,3,6815744,0.343281,0.421510,2.702865
GPen,32,straight,512,merged,17,1,3,196608,0.285312,0.413073,0.219062
GPen,32,straight,512,contact,17,90,3,6815744,0.343281,0.394636,5.223750
GPen,32,straight,512,merged,18,1,3,196608,0.285312,0.462969,0.215469
GPen,32,straight,512,contact,18,90,3,6815744,0.343281,0.604792,5.218073
GPen,32,straight,512,simple,18,90,3,6815744,0.343281,0.466927,2.705937
GPen,32,straight,512,contact,19,90,3,6815744,0.343281,0.413489,5.222708
GPen,32,straight,512,simple,19,90,3,6815744,0.343281,0.583125,2.708698
GPen,32,straight,512,merged,19,1,3,196608,0.285312,0.418438,0.219219
GPen,32,straight,512,simple,20,90,3,6815744,0.343281,0.512396,2.710260
GPen,32,straight,512,merged,20,1,3,196608,0.285312,0.403282,0.211042
GPen,32,straight,512,contact,20,90,3,6815744,0.343281,0.400885,5.225937
GPen,32,straight,512,merged,21,1,3,196608,0.285312,0.525573,0.214427
GPen,32,straight,512,contact,21,90,3,6815744,0.343281,0.410573,5.227500
GPen,32,straight,512,simple,21,90,3,6815744,0.343281,0.565261,2.707292
GPen,32,straight,512,contact,22,90,3,6815744,0.343281,0.414740,5.224271
GPen,32,straight,512,simple,22,90,3,6815744,0.343281,0.531042,2.707083
GPen,32,straight,512,merged,22,1,3,196608,0.285312,0.403541,0.215365
GPen,32,straight,512,simple,23,90,3,6815744,0.343281,0.401980,2.703281
GPen,32,straight,512,merged,23,1,3,196608,0.285312,0.396979,0.215156
GPen,32,straight,512,contact,23,90,3,6815744,0.343281,1.026927,5.223281
GPen,32,straight,512,merged,24,1,3,196608,0.285312,0.520572,0.213958
GPen,32,straight,512,contact,24,90,3,6815744,0.343281,0.424062,5.225000
GPen,32,straight,512,simple,24,90,3,6815744,0.343281,0.568594,2.709375
GPen,32,straight,512,contact,25,90,3,6815744,0.343281,0.502240,5.237708
GPen,32,straight,512,simple,25,90,3,6815744,0.343281,0.465156,2.701979
GPen,32,straight,512,merged,25,1,3,196608,0.285312,0.518802,0.212812
GPen,32,straight,512,simple,26,90,3,6815744,0.343281,0.402604,2.699062
GPen,32,straight,512,merged,26,1,3,196608,0.285312,0.411979,0.215000
GPen,32,straight,512,contact,26,90,3,6815744,0.343281,0.397448,5.237083
GPen,32,straight,512,merged,27,1,3,196608,0.285312,0.471615,0.214010
GPen,32,straight,512,contact,27,90,3,6815744,0.343281,0.519791,5.225000
GPen,32,straight,512,simple,27,90,3,6815744,0.343281,0.476406,2.705833
GPen,32,straight,512,contact,28,90,3,6815744,0.343281,0.963698,5.217448
GPen,32,straight,512,simple,28,90,3,6815744,0.343281,0.474635,2.702396
GPen,32,straight,512,merged,28,1,3,196608,0.285312,0.404427,0.213802
GPen,32,straight,512,simple,29,90,3,6815744,0.343281,0.515520,2.700990
GPen,32,straight,512,merged,29,1,3,196608,0.285312,2.160781,0.214531
GPen,32,straight,512,contact,29,90,3,6815744,0.343281,0.428594,5.235208
GPen,32,straight,512,merged,30,1,3,196608,0.285312,0.484844,0.218021
GPen,32,straight,512,contact,30,90,3,6815744,0.343281,0.417917,5.231094
GPen,32,straight,512,simple,30,90,3,6815744,0.343281,0.476407,2.706406
GPen,32,straight,512,contact,31,90,3,6815744,0.343281,0.710417,5.223333
GPen,32,straight,512,simple,31,90,3,6815744,0.343281,0.467761,2.716719
GPen,32,straight,512,merged,31,1,3,196608,0.285312,0.418230,0.214896
GPen,32,straight,512,simple,32,90,3,6815744,0.343281,0.409323,2.706667
GPen,32,straight,512,merged,32,1,3,196608,0.285312,0.410677,0.214219
GPen,32,straight,512,contact,32,90,3,6815744,0.343281,0.394480,5.224844
GPen,32,straight,512,merged,33,1,3,196608,0.285312,0.526667,0.210469
GPen,32,straight,512,contact,33,90,3,6815744,0.343281,0.649323,5.213646
GPen,32,straight,512,simple,33,90,3,6815744,0.343281,0.595990,2.670781
GPen,32,straight,512,contact,34,90,3,6815744,0.343281,0.406927,5.210833
GPen,32,straight,512,simple,34,90,3,6815744,0.343281,0.506563,2.662396
GPen,32,straight,512,merged,34,1,3,196608,0.285312,0.446927,0.209010
GPen,32,straight,512,simple,35,90,3,6815744,0.343281,0.428906,2.664531
GPen,32,straight,512,merged,35,1,3,196608,0.285312,0.431198,0.207135
GPen,32,straight,512,contact,35,90,3,6815744,0.343281,0.423125,5.213802
GPen,32,straight,512,merged,36,1,3,196608,0.285312,0.408854,0.213333
GPen,32,straight,512,contact,36,90,3,6815744,0.343281,0.297344,5.231667
GPen,32,straight,512,simple,36,90,3,6815744,0.343281,0.460000,2.702135
GPen,32,straight,512,contact,37,90,3,6815744,0.343281,0.408802,5.231510
GPen,32,straight,512,simple,37,90,3,6815744,0.343281,0.533750,2.705000
GPen,32,straight,512,merged,37,1,3,196608,0.285312,0.439844,0.213854
GPen,32,straight,512,simple,38,90,3,6815744,0.343281,0.400365,2.710781
GPen,32,straight,512,merged,38,1,3,196608,0.285312,0.398437,0.220833
GPen,32,straight,512,contact,38,90,3,6815744,0.343281,0.525469,5.225364
GPen,32,straight,512,merged,39,1,3,196608,0.285312,0.582135,0.217812
GPen,32,straight,512,contact,39,90,3,6815744,0.343281,0.407396,5.230781
GPen,32,straight,512,simple,39,90,3,6815744,0.343281,0.571719,2.710000
GPen,32,straight,512,contact,40,90,3,6815744,0.343281,0.413437,5.228073
GPen,32,straight,512,simple,40,90,3,6815744,0.343281,0.540730,2.710990
GPen,32,straight,512,merged,40,1,3,196608,0.285312,0.394584,0.218802
GPen,32,straight,512,simple,41,90,3,6815744,0.343281,0.392344,2.705677
GPen,32,straight,512,merged,41,1,3,196608,0.285312,0.393854,0.210052
GPen,32,straight,512,contact,41,90,3,6815744,0.343281,0.388959,5.216771
GPen,32,straight,512,merged,42,1,3,196608,0.285312,0.461875,0.218542
GPen,32,straight,512,contact,42,90,3,6815744,0.343281,0.411927,5.220625
GPen,32,straight,512,simple,42,90,3,6815744,0.343281,0.462552,2.671042
GPen,32,straight,512,contact,43,90,3,6815744,0.343281,0.675781,5.225208
GPen,32,straight,512,simple,43,90,3,6815744,0.343281,0.466771,2.668125
GPen,32,straight,512,merged,43,1,3,196608,0.285312,0.421354,0.206198
GPen,32,straight,512,simple,44,90,3,6815744,0.343281,0.415000,2.668437
GPen,32,straight,512,merged,44,1,3,196608,0.285312,0.477916,0.200937
GPen,32,straight,512,contact,44,90,3,6815744,0.343281,0.405677,5.220052
GPen,32,straight,512,merged,45,1,3,196608,0.285312,0.409948,0.207604
GPen,32,straight,512,contact,45,90,3,6815744,0.343281,0.416615,5.220208
GPen,32,straight,512,simple,45,90,3,6815744,0.343281,0.543386,2.666094
GPen,32,straight,512,contact,46,90,3,6815744,0.343281,0.410729,5.219271
GPen,32,straight,512,simple,46,90,3,6815744,0.343281,0.464792,2.670625
GPen,32,straight,512,merged,46,1,3,196608,0.285312,0.561406,0.203437
GPen,32,straight,512,simple,47,90,3,6815744,0.343281,0.451042,2.667917
GPen,32,straight,512,merged,47,1,3,196608,0.285312,0.499531,0.206875
GPen,32,straight,512,contact,47,90,3,6815744,0.343281,0.436459,5.212969
GPen,32,straight,512,merged,48,1,3,196608,0.285312,0.526198,0.206875
GPen,32,straight,512,contact,48,90,3,6815744,0.343281,0.571510,5.202604
GPen,32,straight,512,simple,48,90,3,6815744,0.343281,0.459375,2.680052
GPen,32,straight,512,contact,49,90,3,6815744,0.343281,0.392760,5.214427
GPen,32,straight,512,simple,49,90,3,6815744,0.343281,0.518438,2.668958
GPen,32,straight,512,merged,49,1,3,196608,0.285312,0.396302,0.205625
